rank,Youtuber,subscribers,video views,category,Title,uploads,Country,Abbreviation,channel_type,video_views_rank,country_rank,channel_type_rank,video_views_for_the_last_30_days,lowest_monthly_earnings,highest_monthly_earnings,lowest_yearly_earnings,highest_yearly_earnings,subscribers_for_last_30_days,created_year,created_month,created_date,Gross tertiary education enrollment (%),Population,Unemployment rate,Urban_population,Latitude,Longitude
1,T-Series,245000000,2.28E+11,Music,T-Series,20082,India,IN,Music,1,1,1,2258000000,564600,9000000,6800000,108400000,2000000,2006,Mar,13,28.1,1366417754,5.36,471031528,20.593684,78.96288
2,YouTube Movies,170000000,0,Film & Animation,youtubemovies,1,United States,US,Games,4055159,7670,7423,12,0,0.05,0.04,0.58,,2006,Mar,5,88.2,328239523,14.7,270663028,37.09024,-95.712891
3,MrBeast,166000000,28368841870,Entertainment,MrBeast,741,United States,US,Entertainment,48,1,1,1348000000,337000,5400000,4000000,64700000,8000000,2012,Feb,20,88.2,328239523,14.7,270663028,37.09024,-95.712891
4,Cocomelon - Nursery Rhymes,162000000,1.64E+11,Education,Cocomelon - Nursery Rhymes,966,United States,US,Education,2,2,1,1975000000,493800,7900000,5900000,94800000,1000000,2006,Sep,1,88.2,328239523,14.7,270663028,37.09024,-95.712891
5,SET India,159000000,1.48E+11,Shows,SET India,116536,India,IN,Entertainment,3,2,2,1824000000,455900,7300000,5500000,87500000,1000000,2006,Sep,20,28.1,1366417754,5.36,471031528,20.593684,78.96288
6,Music,119000000,0,,Music,0,,,Music,4057944,,,,0,0,0,0,,2013,Sep,24,,,,,,
7,эээ Kids Diana Show,112000000,93247040539,People & Blogs,эээ Kids Diana Show,1111,United States,US,Entertainment,5,3,3,731674000,182900,2900000,2200000,35100000,,2015,May,12,88.2,328239523,14.7,270663028,37.09024,-95.712891
8,PewDiePie,111000000,29058044447,Gaming,PewDiePie,4716,Japan,JP,Entertainment,44,1,4,39184000,9800,156700,117600,1900000,,2010,Apr,29,63.2,126226568,2.29,115782416,36.204824,138.252924
9,Like Nastya,106000000,90479060027,People & Blogs,Like Nastya Vlog,493,Russia,RU,People,630,5,25,48947000,12200,195800,146800,2300000,100000,2016,Jan,14,81.9,144373535,4.59,107683889,61.52401,105.318756
10,Vlad and Niki,98900000,77180169894,Entertainment,Vlad and Niki,574,United States,US,Entertainment,8,5,6,580574000,145100,2300000,1700000,27900000,600000,2018,Apr,23,88.2,328239523,14.7,270663028,37.09024,-95.712891
11,Zee Music Company,96700000,57856289381,Music,Zee Music Company,8548,India,IN,Music,12,3,2,803613000,200900,3200000,2400000,38600000,1100000,2014,Mar,12,28.1,1366417754,5.36,471031528,20.593684,78.96288
12,WWE,96000000,77428473662,Sports,WWE,70127,United States,US,Sports,7,6,1,714614000,178700,2900000,2100000,34300000,600000,2007,May,11,88.2,328239523,14.7,270663028,37.09024,-95.712891
13,Gaming,93600000,0,,Gaming,0,,,Games,4057944,,1,,0,0,0,0,,2013,Dec,15,,,,,,
14,BLACKPINK,89800000,32144597566,People & Blogs,BLACKPINK,543,South Korea,KR,Music,32,1,3,498930000,124700,2000000,1500000,23900000,700000,2016,Jun,29,94.3,51709098,4.15,42106719,35.907757,127.766922
15,Goldmines,86900000,24118230580,Film & Animation,goldmines,1,,,Music,4056562,,5663,18,0,0.07,0.05,0.86,,2006,Aug,15,,,,,,
16,Sony SAB,83000000,1.01E+11,Shows,Sony SAB,71270,India,IN,Entertainment,4,5,7,1657000000,414300,6600000,5000000,79600000,1100000,2007,Aug,4,28.1,1366417754,5.36,471031528,20.593684,78.96288
17,5-Minute Crafts,80100000,26236790209,Howto & Style,5-Minute Crafts 2.0,1,United Kingdom,GB,Entertainment,4057901,4797,6781,1,0,0,0,0.05,,2020,Jul,27,60,66834405,3.85,55908316,55.378051,-3.435973
18,BANGTANTV,75600000,20826993957,Music,BANGTANTV,2281,South Korea,KR,Music,112,2,4,168290000,42100,673200,504900,8100000,400000,2012,Dec,17,94.3,51709098,4.15,42106719,35.907757,127.766922
19,Sports,75000000,0,,sports,3,United States,US,Entertainment,3898122,6266,5395,16,0,0.06,0.05,0.77,,2006,Jan,30,88.2,328239523,14.7,270663028,37.09024,-95.712891
20,Justin Bieber,71600000,30608119724,Music,Justin Bieber,249,Canada,CA,Music,38,1,6,176326000,44100,705300,529000,8500000,100000,2007,Jan,15,68.9,36991981,5.56,30628482,56.130366,-106.346771
21,HYBE LABELS,71300000,28634566938,Music,HYBE LABELS,1337,South Korea,KR,Music,46,3,5,598173000,149500,2400000,1800000,28700000,900000,2008,Jun,4,94.3,51709098,4.15,42106719,35.907757,127.766922
22,Zee TV,70500000,73139054467,Entertainment,Zee TV,129204,India,IN,Entertainment,9,6,8,1707000000,426800,6800000,5100000,81900000,900000,2005,Dec,11,28.1,1366417754,5.36,471031528,20.593684,78.96288
23,Pinkfong Baby Shark - Kids' Songs & Stories,68200000,38843229963,Education,Pinkfong Baby Shark - Kids' Songs & Stories,2865,United States,US,Education,23,8,2,473387000,118300,1900000,1400000,22700000,600000,2011,Dec,14,88.2,328239523,14.7,270663028,37.09024,-95.712891
24,Canal KondZilla,66500000,36775585925,Music,Canal KondZilla,2572,Brazil,BR,Music,25,1,7,447223000,0,0,0,0,,2012,Mar,21,51.3,212559417,12.08,183241641,-14.235004,-51.92528
25,ChuChu TV Nursery Rhymes & Kids Songs,65900000,45757850229,Education,ChuChu TV Nursery Rhymes & Kids Songs,633,India,IN,Education,18,7,3,420292000,105100,1700000,1300000,20200000,500000,2013,Feb,9,28.1,1366417754,5.36,471031528,20.593684,78.96288
26,Shemaroo Filmi Gaane,65600000,28648024439,Music,Shemaroo Filmi Gaane,8502,India,IN,Music,47,8,8,254961000,63700,1000000,764900,12200000,400000,2010,Jun,11,28.1,1366417754,5.36,471031528,20.593684,78.96288
27,Colors TV,64600000,61510906457,Shows,Colors TV,112915,India,IN,Entertainment,10,9,9,1188000000,296900,4800000,3600000,57000000,1100000,2008,Jun,13,28.1,1366417754,5.36,471031528,20.593684,78.96288
28,T-Series Bhakti Sagar,61000000,29533230328,Music,T- SERIES BHAKTI SAGAR,13,India,IN,Music,4053938,5803,5744,10,0,0.04,0.03,0.48,,2018,Aug,3,28.1,1366417754,5.36,471031528,20.593684,78.96288
29,Dude Perfect,59500000,16241549158,Sports,Dude Perfect,389,United States,US,Sports,182,9,3,141200000,35300,564800,423600,6800000,100000,2009,Mar,17,88.2,328239523,14.7,270663028,37.09024,-95.712891
30,Movieclips,59500000,59316472754,Film & Animation,Movieclips,39113,United States,US,Film,11,9,3,114668000,28700,458700,344000,5500000,100000,2006,Apr,28,88.2,328239523,14.7,270663028,37.09024,-95.712891
31,Tips Official,59300000,33431802698,Music,Tips Official,4741,India,IN,Music,30,11,10,422634000,105700,1700000,1300000,20300000,600000,2007,May,22,28.1,1366417754,5.36,471031528,20.593684,78.96288
32,El Reino Infantil,58400000,57271630846,Music,El Reino Infantil,1510,Argentina,AR,Music,13,1,11,611828000,153000,2400000,1800000,29400000,600000,2011,Jun,2,90,44938712,9.79,41339571,-38.416097,-63.616672
33,Wave Music,58000000,40602020243,Music,Wave Music,19487,India,IN,Music,21,12,12,232025000,58000,928100,696100,11100000,500000,2014,Oct,29,28.1,1366417754,5.36,471031528,20.593684,78.96288
34,Aaj Tak,57600000,25307753534,News & Politics,Aaj Tak,283775,India,IN,News,71,13,1,461148000,115300,1800000,1400000,22100000,500000,2009,Aug,27,28.1,1366417754,5.36,471031528,20.593684,78.96288
35,Sony Music India,57200000,28837144516,Music,Sony Music India,3882,India,IN,Music,45,14,13,259310000,64800,1000000,777900,12400000,300000,2009,Sep,2,28.1,1366417754,5.36,471031528,20.593684,78.96288
36,EminemMusic,56900000,27073872856,Music,EminemMusic,156,United States,US,Music,59,10,14,260193000,65000,1000000,780600,12500000,300000,2007,Feb,9,88.2,328239523,14.7,270663028,37.09024,-95.712891
37,Marshmello,56400000,14696003229,Entertainment,Marshmello,436,United States,US,Music,233,11,15,112100000,28000,448400,336300,5400000,100000,2015,Apr,6,88.2,328239523,14.7,270663028,37.09024,-95.712891
38,YRF,54600000,35302243691,Film & Animation,YRF,3707,India,IN,Music,28,15,16,512093000,128000,2000000,1500000,24600000,500000,2006,Jun,7,28.1,1366417754,5.36,471031528,20.593684,78.96288
39,LooLoo Kids - Nursery Rhymes and Children's Songs,54000000,32312431239,Music,LooLoo Kids - Nursery Rhymes and Children's пїЅ,11,,,,3800129,,,159,0.04,0.64,0.48,8,,2016,Nov,29,,,,,,
40,Ed Sheeran,53500000,30367676736,Music,Ed Sheeran,383,United Kingdom,GB,Music,39,1,18,202720000,50700,810900,608200,9700000,100000,2006,Aug,8,60,66834405,3.85,55908316,55.378051,-3.435973
41,Infobells - Hindi,53300000,30516172739,Education,Infobells - Hindi,577,India,IN,Education,37,16,4,815949000,204000,3300000,2400000,39200000,1600000,2014,Jun,6,28.1,1366417754,5.36,471031528,20.593684,78.96288
42,Taylor Swift,52900000,29884657286,Music,Taylor Swift,216,United States,US,Music,40,13,19,528392000,132100,2100000,1600000,25400000,800000,2006,Sep,20,88.2,328239523,14.7,270663028,37.09024,-95.712891
43,Ariana Grande,52700000,24004842608,Music,Ariana Grande,147,United States,US,Music,78,14,20,160216000,40100,640900,480600,7700000,100000,2007,Jan,22,88.2,328239523,14.7,270663028,37.09024,-95.712891
44,BillionSurpriseToys  - Nursery Rhymes & Cartoons,52200000,9877365274,Education,BillionSurpriseToys  - Nursery Rhymes & CartпїЅ,847,United States,US,Education,450,15,5,266747000,66700,1100000,800200,12800000,600000,2013,Oct,25,88.2,328239523,14.7,270663028,37.09024,-95.712891
45,JuegaGerman,48100000,14631710289,Gaming,JuegaGerman,2052,Chile,CL,Games,237,1,2,66388000,16600,265600,199200,3200000,200000,2013,May,19,88.5,18952038,7.09,16610135,-35.675147,-71.542969
46,Billie Eilish,47900000,13626331061,Music,Billie Eilish,65,United States,US,Music,263,16,21,146862000,36700,587400,440600,7000000,200000,2013,Feb,6,88.2,328239523,14.7,270663028,37.09024,-95.712891
47,Get Movies,47500000,30788679536,Entertainment,Get Movies,3322,Russia,RU,Film,35,1,4,306540000,76600,1200000,919600,14700000,700000,2006,Dec,16,81.9,144373535,4.59,107683889,61.52401,105.318756
48,Shemaroo,47400000,22519705183,Entertainment,Shemaroo,11451,India,IN,Entertainment,97,17,10,232744000,58200,931000,698200,11200000,500000,2007,Sep,1,28.1,1366417754,5.36,471031528,20.593684,78.96288
49,Badabun,46800000,19398045702,Entertainment,badabun,1,,,Music,4047729,,5525,440,0.11,2,1,21,75,2007,Jul,21,,,,,,
50,SonyMusicIndiaVEVO,46600000,27286058807,Music,SonyMusicIndiaVEVO,3444,United States,US,Music,55,17,22,314505000,78600,1300000,943500,15100000,400000,2009,Sep,2,88.2,328239523,14.7,270663028,37.09024,-95.712891
51,A4,46300000,22936630813,Gaming,aefour,1,Cuba,CU,People,4053056,99,5359,94,0.02,0.38,0.28,5,10,2006,Mar,11,41.4,11333483,1.64,8739135,21.521757,-77.781167
52,Bad Bunny,46100000,30686342319,Music,badbunny,1,,,Sports,4046070,,4501,1,0,0,0,0.05,,2005,Nov,15,,,,,,
53,Fernanfloo,46100000,10323391593,Gaming,Fernanfloo,543,El Salvador,SV,Games,419,1,3,33842000,8500,135400,101500,1600000,200000,2011,May,2,29.4,6453553,4.11,4694702,13.794185,-88.89653
54,Voot Kids,45500000,21388725229,Entertainment,Voot Kids,4660,India,IN,Entertainment,105,18,13,233988000,58500,936000,702000,11200000,400000,2016,Nov,23,28.1,1366417754,5.36,471031528,20.593684,78.96288
55,Felipe Neto,45200000,16602198273,Entertainment,Felipe Neto,4331,Brazil,BR,Entertainment,174,2,14,130359000,32600,521400,391100,6300000,200000,2006,May,16,51.3,212559417,12.08,183241641,-14.235004,-51.92528
56,VocпїЅпїЅпїЅ,44700000,7828610828,Entertainment,VocпїЅпїЅпїЅ,1558,Brazil,BR,Entertainment,681,3,15,48032000,12000,192100,144100,2300000,100000,2013,Sep,1,51.3,212559417,12.08,183241641,-14.235004,-51.92528
57,HAR PAL GEO,44600000,41139050371,Entertainment,HAR PAL GEO,100755,Pakistan,PK,Entertainment,20,1,15,1337000000,334300,5300000,4000000,64200000,1300000,2008,Jan,2,9,216565318,4.45,79927762,30.375321,69.345116
58,BRIGHT SIDE,44500000,10708531817,Howto & Style,brightside,0,,,,4057944,,,,0,0,0,0,1,2005,Nov,18,,,,,,
59,Katy Perry,44200000,25458952022,Music,Katy Perry,128,United States,US,Music,70,19,24,134242000,33600,537000,402700,6400000,100000,2008,Jun,1,88.2,328239523,14.7,270663028,37.09024,-95.712891
60,whinderssonnunes,44200000,4274709210,Comedy,whinderssonnunes,558,Brazil,BR,Comedy,1741,4,1,26683000,6700,106700,80100,1300000,,2013,Jan,21,51.3,212559417,12.08,183241641,-14.235004,-51.92528
61,ABS-CBN Entertainment,44200000,50292540392,People & Blogs,ABS-CBN Entertainment,193890,Philippines,PH,Entertainment,16,1,16,176629000,44200,706500,529900,8500000,300000,2008,Jul,16,35.5,108116615,2.15,50975903,12.879721,121.774017
62,Alan Walker,43700000,12884264778,Music,alanwalker,8,Thailand,TH,Film,4056116,4026,5270,22,0.01,0.09,0.07,1,,2006,May,12,49.3,69625582,0.75,35294600,15.870032,100.992541
63,HolaSoyGerman.,43600000,4831311245,Entertainment,holasoygerman. 2,6,,,People,4047806,,7716,4,0,0.02,0.01,0.19,,2016,May,27,,,,,,
64,Shakira,43500000,27568757295,People & Blogs,Shakira,326,Colombia,CO,Howto,52,1,3,353412000,88400,1400000,1100000,17000000,500000,2005,Oct,16,55.3,50339443,9.71,40827302,4.570868,-74.297333
65,ээээээээ ээ ээээээээээээээ,43200000,36458726976,Film & Animation,ээээээээ ээ ээээээээээээээ,1478,Russia,RU,Education,26,2,6,303780000,75900,1200000,911300,14600000,300000,2011,May,31,81.9,144373535,4.59,107683889,61.52401,105.318756
66,ARY Digital HD,43200000,37939780685,Entertainment,ARY Digital HD,109871,Pakistan,PK,Entertainment,24,2,18,1149000000,287300,4600000,3400000,55200000,900000,2016,Jul,11,9,216565318,4.45,79927762,30.375321,69.345116
67,Speed Records,42500000,26820902622,Music,Speed Records,10938,India,IN,Music,62,19,26,159757000,39900,639000,479300,7700000,100000,2012,Nov,22,28.1,1366417754,5.36,471031528,20.593684,78.96288
68,Masha and The Bear,42400000,24519022988,Shows,Masha and The Bear,1218,United States,US,Film,74,20,5,670459000,167600,2700000,2000000,32200000,1000000,2014,Sep,17,88.2,328239523,14.7,270663028,37.09024,-95.712891
69,Like Nastya Show,42400000,19547696190,Entertainment,Like Nastya Show,618,United States,US,Entertainment,128,21,19,53202000,13300,212800,159600,2600000,,2017,Nov,14,88.2,328239523,14.7,270663028,37.09024,-95.712891
70,Rihanna,41900000,22477745835,Entertainment,Rihanna,84,Barbados,BB,Music,98,1,27,182926000,45700,731700,548800,8800000,100000,2005,Nov,6,65.4,287025,10.33,89431,13.193887,-59.543198
71,Ishtar Music,41400000,17608931161,Trailers,Ishtar Music,4510,India,IN,Music,155,20,28,180942000,45200,723800,542800,8700000,400000,2005,Sep,22,28.1,1366417754,5.36,471031528,20.593684,78.96288
72,Kimberly Loaiza,41300000,5603111948,People & Blogs,Kimberly Loaiza,291,Mexico,MX,People,1157,2,1,136745000,34200,547000,410200,6600000,400000,2016,Nov,16,40.2,126014024,3.42,102626859,23.634501,-102.552784
73,Little Baby Bum - Nursery Rhymes & Kids Songs,40900000,39450824833,Education,Little Baby Bum - Nursery Rhymes & Kids Songs,2423,United States,US,Education,22,22,7,98775000,24700,395100,296300,4700000,100000,2011,Jun,22,88.2,328239523,14.7,270663028,37.09024,-95.712891
74,Luisito Comunica,40600000,8670473639,Comedy,Luis Arturo Villar Sudek,0,Mexico,MX,Comedy,3612215,3021,,,0,0,0,0,,2010,Jun,18,40.2,126014024,3.42,102626859,23.634501,-102.552784
75,elrubiusOMG,40400000,7410536668,Gaming,elrubiusOMG,703,,,Entertainment,756,,21,5773000,1400,23100,17300,277100,,2011,Dec,20,,,,,,
76,Toys and Colors,40300000,47005053156,Entertainment,Toys and colors,4,,,People,3989650,,7330,5,0,0.02,0.02,0.24,,2018,Jun,14,,,,,,
77,shfa2 - пїЅпїЅ,39700000,23884824160,People & Blogs,shfa2 - пїЅпїЅ,1596,United Arab Emirates,AE,People,81,1,2,247731000,61900,990900,743200,11900000,300000,2017,Nov,6,36.8,9770529,2.35,8479744,23.424076,53.847818
78,LUCCAS NETO - LUCCAS TOON,39400000,22302547082,People & Blogs,LUCCAS NETO- LUCCAS TOON,1,,,Games,4057895,,7498,2,0,0.01,0.01,0.1,,2021,Mar,25,,,,,,
79,CarryMinati,39200000,3294013141,Comedy,CarryMinati,186,India,IN,Comedy,2487,21,2,78688000,19700,314800,236100,3800000,700000,2014,Oct,30,28.1,1366417754,5.36,471031528,20.593684,78.96288
80,XXXTENTACION,39200000,10507474316,Music,XXXTENTACION,133,United States,US,Music,403,24,29,58362000,14600,233400,175100,2800000,100000,2015,Jun,23,88.2,328239523,14.7,270663028,37.09024,-95.712891
81,Super Simple Songs - Kids Songs,39200000,44900897958,Education,Super Simple Songs - Kids Songs,744,Canada,CA,Education,19,2,8,560756000,140200,2200000,1700000,26900000,400000,2006,Sep,8,68.9,36991981,5.56,30628482,56.130366,-106.346771
82,Mikecrack,39100000,16118181673,Gaming,Mikecrack,1876,Spain,ES,Games,188,1,4,264108000,66000,1100000,792300,12700000,800000,2015,Jul,13,88.9,47076781,13.96,37927409,40.463667,-3.74922
83,WorkpointOfficial,39000000,36131228583,Entertainment,WorkpointOfficial,72580,Thailand,TH,Entertainment,27,1,24,130461000,32600,521800,391400,6300000,200000,2012,Nov,5,49.3,69625582,0.75,35294600,15.870032,100.992541
84,GR6 EXPLODE,38900000,25154232306,Music,GR6 EXPLODE,3043,Brazil,BR,Music,73,6,30,1635000000,408700,6500000,4900000,78500000,100000,2014,Aug,5,51.3,212559417,12.08,183241641,-14.235004,-51.92528
85,TEDx Talks,38600000,7339333120,Nonprofits & Activism,TEDx Talks,200933,United States,US,Nonprofit,768,25,1,45638000,11400,182600,136900,2200000,100000,2009,Jun,23,88.2,328239523,14.7,270663028,37.09024,-95.712891
86,shfa,38400000,21528116909,People & Blogs,ээээээээээ ээээээ,982,Saudi Arabia,SA,Games,150882,774,1454,1589000,397,6400,4800,76300,2000,2018,May,24,68,34268528,5.93,28807838,23.885942,45.079162
87,Goldmines Gaane Sune Ansune,38300000,16718192386,Music,Goldmines Gaane Sune Ansune,3532,India,IN,Music,170,22,31,814756000,203700,3300000,2400000,39100000,400000,2015,Aug,24,28.1,1366417754,5.36,471031528,20.593684,78.96288
88,One Direction,38200000,13598903820,Music,21 Savage,11,United States,US,Music,539848,2904,2594,6348,2,25,19,305,100,2016,Jun,26,88.2,328239523,14.7,270663028,37.09024,-95.712891
89,TheEllenShow,38200000,22756581750,Entertainment,TheEllenShow,15672,United States,US,Entertainment,93,26,26,21804000,5500,87200,65400,1000000,,2006,Nov,21,88.2,328239523,14.7,270663028,37.09024,-95.712891
90,Sony PAL,38200000,28519339489,Shows,Sony PAL,24089,India,IN,Entertainment,49,23,25,415914000,104000,1700000,1200000,20000000,500000,2014,May,9,28.1,1366417754,5.36,471031528,20.593684,78.96288
91,Daddy Yankee,38000000,22731415608,Music,Daddy Yankee,505,United States,US,Music,92,27,33,205594000,51400,822400,616800,9900000,100000,2011,May,16,88.2,328239523,14.7,270663028,37.09024,-95.712891
92,Vlad vпїЅпїЅп,37900000,23510152352,,Vlad vпїЅпїЅп,515,United States,US,Entertainment,84,28,27,244093000,61000,976400,732300,11700000,200000,2018,Jul,20,88.2,328239523,14.7,270663028,37.09024,-95.712891
93,Like Nastya ESP,37600000,18208196857,Entertainment,Like Nastya ESP,743,United States,US,Entertainment,145,29,28,321026000,80300,1300000,963100,15400000,700000,2017,Apr,22,88.2,328239523,14.7,270663028,37.09024,-95.712891
94,ээээээээээээ one31,37500000,27262462114,Entertainment,ээээээээээээ one31,117152,Thailand,TH,Entertainment,56,2,29,140754000,35200,563000,422300,6800000,300000,2013,Jan,10,49.3,69625582,0.75,35294600,15.870032,100.992541
95,Jkk Entertainment,37200000,16402066717,Comedy,Jkk Entertainment,220,India,IN,Comedy,178,24,3,49861000,12500,199400,149600,2400000,100000,2017,Mar,20,28.1,1366417754,5.36,471031528,20.593684,78.96288
96,ABP NEWS,37000000,13102611515,People & Blogs,ABP NEWS,301308,India,IN,News,280,25,2,267060000,66800,1100000,801200,12800000,400000,2012,Jun,1,28.1,1366417754,5.36,471031528,20.593684,78.96288
97,Maria Clara & JP,37000000,24188861917,People & Blogs,Maria Clara & JP,744,Brazil,BR,Entertainment,75,7,30,251449000,62900,1000000,754300,12100000,300000,2015,Sep,6,51.3,212559417,12.08,183241641,-14.235004,-51.92528
98,Bruno Mars,36700000,19378155425,Music,Bruno Mars,99,United States,US,Music,134,30,34,175243000,43800,701000,525700,8400000,200000,2006,Sep,19,88.2,328239523,14.7,270663028,37.09024,-95.712891
99,Maroon 5,36600000,22553923546,Music,Maroon 5,171,United States,US,Music,96,31,35,152825000,38200,611300,458500,7300000,,2006,Mar,9,88.2,328239523,14.7,270663028,37.09024,-95.712891
100,Ultra Bollywood,36600000,15653786446,Trailers,Ultra Bollywood,9168,India,IN,Entertainment,205,26,31,131462000,0,0,0,0,200000,2009,Oct,21,28.1,1366417754,5.36,471031528,20.593684,78.96288
101,PowerKids TV,36500000,18961241905,Film & Animation,PowerKids TV,5621,,,Film,139,1,6,318702000,79700,1300000,956100,15300000,600000,2014,Aug,6,,,,,,
102,YouTube,36300000,3010784935,News & Politics,YouTube,744,United States,US,Entertainment,2860,32,5,21103000,5300,84400,63300,1000000,300000,1970,Jan,1,88.2,328239523,14.7,270663028,37.09024,-95.712891
103,News,36300000,0,,News,0,,,,4057944,,,,0,0,0,0,,2013,Sep,9,,,,,,
104,Ozuna,36200000,23355801606,Music,Ozuna,196,,,Music,87,2,36,169242000,42300,677000,507700,8100000,100000,2016,Mar,24,,,,,,
105,MrBeast Gaming,36100000,6331332547,Gaming,MrBeastGaming,5,,,Comedy,4057305,,4880,32,0.01,0.13,0.1,2,1,2011,Feb,26,,,,,,
106,La Granja de ZenпїЅ,35700000,27118354077,Music,La Granja de ZenпїЅ,654,Argentina,AR,Music,58,2,37,302071000,75500,1200000,906200,14500000,400000,2013,Jun,6,90,44938712,9.79,41339571,-38.416097,-63.616672
107,Saregama Music,35500000,15657673422,Entertainment,Saregama Music,7566,India,IN,Music,199,27,38,533793000,133400,2100000,1600000,25600000,900000,2013,Jan,4,28.1,1366417754,5.36,471031528,20.593684,78.96288
108,IndiaTV,35500000,16105023749,News & Politics,IndiaTV,273255,India,IN,News,185,27,3,290847000,72700,1200000,872500,14000000,600000,2006,Aug,26,28.1,1366417754,5.36,471031528,20.593684,78.96288
109,T-Series Bollywood Classics,35400000,22637783517,Music,T-Series Bollywood Classics,2010,India,IN,Music,94,28,39,331474000,82900,1300000,994400,15900000,500000,2012,Apr,2,28.1,1366417754,5.36,471031528,20.593684,78.96288
110,Total Gaming,35400000,5556364230,Gaming,totalgaming,1,,,Autos,4056447,,3902,53,0.01,0.21,0.16,3,2,2006,Jul,15,,,,,,
111,Markiplier,35200000,20297931219,Gaming,Markiplier,5490,United States,US,Games,119,34,8,127329000,31800,509300,382000,6100000,100000,2012,May,26,88.2,328239523,14.7,270663028,37.09024,-95.712891
112,Ryan's World,35200000,55299840198,Entertainment,Ryan's World,2453,United States,US,Entertainment,15,35,32,238613000,59700,954500,715800,11500000,200000,2015,Mar,17,88.2,328239523,14.7,270663028,37.09024,-95.712891
113,Genevieve's Playhouse - Learning Videos for Kids,34900000,25607397308,Education,Genevieve's Playhouse - Learning Videos for пїЅ,617,United States,US,Film,69,36,7,335307000,83800,1300000,1000000,16100000,300000,2016,Jan,6,88.2,328239523,14.7,270663028,37.09024,-95.712891
114,T-Series Apna Punjab,34600000,21306315429,Music,T- Series Apna Punjab,0,,,News,4057944,,4653,,0,0,0,0,,2020,Jul,9,,,,,,
115,Techno Gamerz,34400000,9690499664,Gaming,TechnoGamerz,1,,,Games,4057311,,7489,86,0.02,0.34,0.26,4,3,2010,May,19,,,,,,
116,Geet MP3,34300000,12746535822,Music,Geet MP3,679,India,IN,Music,299,31,41,101357000,25300,405400,304100,4900000,100000,2016,Oct,22,28.1,1366417754,5.36,471031528,20.593684,78.96288
117,J Balvin,34100000,23005313609,Music,J Balvin,141,Colombia,CO,Music,89,2,42,128696000,32200,514800,386100,6200000,100000,2011,Feb,18,55.3,50339443,9.71,40827302,4.570868,-74.297333
118,Jess No Limit,34000000,3963007415,Entertainment,Jess No Limit,2284,Indonesia,ID,Entertainment,1882,1,33,547141000,136800,2200000,1600000,26300000,5500000,2017,Sep,7,36.3,270203917,4.69,151509724,-0.789275,113.921327
119,Jingle Toons,34000000,11351015824,Film & Animation,Jingle Toons,240,India,IN,Film,360,32,8,179903000,45000,719600,539700,8600000,600000,2013,Jan,24,28.1,1366417754,5.36,471031528,20.593684,78.96288
120,VEGETTA777,33800000,15432929204,Gaming,VEGETTA777,7606,Spain,ES,Games,211,2,10,39094000,9800,156400,117300,1900000,,2008,Mar,2,88.9,47076781,13.96,37927409,40.463667,-3.74922
121,Galinha Pintadinha,33800000,27274550757,Film & Animation,Galinha Pintadinha,66,Brazil,BR,Film,54,8,9,403508000,100900,1600000,1200000,19400000,200000,2006,Aug,30,51.3,212559417,12.08,183241641,-14.235004,-51.92528
122,SSSniperWolf,33700000,23492684419,Gaming,SSSniperWolf,3366,United States,US,Entertainment,83,37,35,210955000,52700,843800,632900,10100000,200000,2013,Jan,20,88.2,328239523,14.7,270663028,37.09024,-95.712891
123,Desi Music Factory,33700000,10189027455,Music,Desi music factory,2,,,Music,4057699,,5775,,0,0,0,0,,2018,Apr,10,,,,,,
124,Selena Gomez,33600000,13013567335,Film & Animation,Selena Gomez,188,United States,US,Music,288,38,43,115792000,28900,463200,347400,5600000,200000,2008,Feb,8,88.2,328239523,14.7,270663028,37.09024,-95.712891
125,Rajshri,33500000,14864294792,Music,Rajshri,3741,India,IN,Entertainment,222,34,36,272255000,68100,1100000,816800,13100000,500000,2006,Mar,24,28.1,1366417754,5.36,471031528,20.593684,78.96288
126,Ch3Thailand,33500000,29611914495,Entertainment,Ch3Thailand,96214,Thailand,TH,Entertainment,41,3,37,61307000,0,0,0,0,100000,2014,May,29,49.3,69625582,0.75,35294600,15.870032,100.992541
127,KHANDESHI MOVIES,33500000,11405809704,Comedy,KHANDESHI MOVIES,217,India,IN,Comedy,357,35,4,24736000,6200,98900,74200,1200000,100000,2013,Nov,11,28.1,1366417754,5.36,471031528,20.593684,78.96288
128,NoCopyrightSounds,33400000,10530729078,Music,NoCopyrightSounds,1331,United Kingdom,GB,Music,402,3,44,55654000,13900,222600,167000,2700000,,2011,Aug,14,60,66834405,3.85,55908316,55.378051,-3.435973
129,CVS 3D Rhymes & Kids Songs,33400000,20269857567,Education,CVS 3D Rhymes & Kids Songs,338,India,IN,Education,120,35,9,136084000,34000,544300,408300,6500000,200000,2008,Aug,26,28.1,1366417754,5.36,471031528,20.593684,78.96288
130,Ricis Official,33300000,5994136760,People & Blogs,Ricis Official,2736,Indonesia,ID,Entertainment,1043,2,34,157101000,39300,628400,471300,7500000,1900000,2016,Jan,15,36.3,270203917,4.69,151509724,-0.789275,113.921327
131,BabyBus - Kids Songs and Cartoons,32800000,26355088167,Education,BabyBus - Kids Songs and Cartoons,2122,United States,US,Education,64,39,10,127498000,31900,510000,382500,6100000,200000,2016,Jul,15,88.2,328239523,14.7,270663028,37.09024,-95.712891
132,Eros Now Music,32700000,17853798780,Entertainment,Mzaalo,1521,India,IN,Entertainment,8055,730,838,20263000,5100,81100,60800,972600,40000,2012,Mar,14,28.1,1366417754,5.36,471031528,20.593684,78.96288
133,BETER BпїЅпїЅ,32700000,19180039918,,BETER BпїЅпїЅ,2738,Turkey,TR,Games,137,1,11,1463000000,365900,5900000,4400000,70200000,2100000,2012,Dec,12,23.9,83429615,13.49,63097818,38.963745,35.243322
134,DisneyMusicVEVO,32700000,28516250629,Music,DisneyMusicVEVO,2068,United States,US,Music,50,40,45,329861000,82500,1300000,989600,15800000,300000,2010,May,20,88.2,328239523,14.7,270663028,37.09024,-95.712891
135,The Weeknd,32600000,23379969006,Music,The Weeknd,169,Canada,CA,Music,85,3,45,373828000,93500,1500000,1100000,17900000,200000,2011,Feb,25,68.9,36991981,5.56,30628482,56.130366,-106.346771
136,WowKidz,32200000,16613441479,Film & Animation,wowkidz,2,,,Entertainment,4053139,,6723,1,0,0,0,0.05,,2006,Dec,16,,,,,,
137,KAROL G,32100000,18699145555,Music,KAROL G,134,Colombia,CO,Music,140,3,46,465647000,116400,1900000,1400000,22400000,300000,2013,Mar,14,55.3,50339443,9.71,40827302,4.570868,-74.297333
138,Mr Bean,32100000,10602236110,Shows,Mr Bean,3091,United Kingdom,GB,Comedy,400,4,5,56534000,14100,226100,169600,2700000,100000,2006,Jan,4,60,66834405,3.85,55908316,55.378051,-3.435973
139,rezendeevil,32100000,13061739758,Gaming,rezendeevil,11882,Brazil,BR,Entertainment,287,9,40,44505000,11100,178000,133500,2100000,,2012,Feb,12,51.3,212559417,12.08,183241641,-14.235004,-51.92528
140,StarPlus,32000000,26800674545,Entertainment,StarPlus,44892,India,IN,Entertainment,60,38,40,1667000000,416800,6700000,5000000,80000000,1200000,2006,May,19,28.1,1366417754,5.36,471031528,20.593684,78.96288
141,SMTOWN,31900000,27330239663,Music,SMTOWN,4158,,,Music,53,,47,233402000,58400,933600,700200,11200000,100000,2006,Mar,18,,,,,,
142,GMA  Network,31900000,19428308461,Entertainment,GMA  Network,93311,Philippines,PH,Entertainment,129,2,41,798510000,199600,3200000,2400000,38300000,500000,2006,Nov,20,35.5,108116615,2.15,50975903,12.879721,121.774017
143,GENIAL,31800000,6762424690,Howto & Style,GENIAL,6734,Mexico,MX,Howto,884,4,4,31455000,7900,125800,94400,1500000,,2017,Jun,1,40.2,126014024,3.42,102626859,23.634501,-102.552784
144,MR. INDIAN HACKER,31700000,5711208484,Science & Technology,MR. INDIAN HACKER,929,India,IN,Tech,1132,40,1,109125000,27300,436500,327400,5200000,500000,2012,Jun,21,28.1,1366417754,5.36,471031528,20.593684,78.96288
145,Worldwide Records Bhojpuri,31700000,16476978876,Music,Worldwide Records Bhojpuri,6518,India,IN,Music,177,39,48,112648000,28200,450600,337900,5400000,200000,2012,Mar,15,28.1,1366417754,5.36,471031528,20.593684,78.96288
146,DONA пїЅпїЅ,31700000,21031745531,Entertainment,DONA пїЅпїЅ,166,United States,US,Entertainment,110,41,42,153280000,38300,613100,459800,7400000,200000,2018,Apr,5,88.2,328239523,14.7,270663028,37.09024,-95.712891
147,Dream,31700000,2930015381,Gaming,Dream,116,United States,US,Games,2986,41,12,27022000,6800,108100,81100,1300000,200000,2014,Feb,8,88.2,328239523,14.7,270663028,37.09024,-95.712891
148,Lucas and Marcus,31600000,11615848291,Entertainment,Lucas and Marcus,1321,United States,US,Entertainment,339,42,43,312099000,78000,1200000,936300,15000000,400000,2011,Jan,19,88.2,328239523,14.7,270663028,37.09024,-95.712891
149,JustinBieberVEVO,31600000,26583873105,Music,JustinBieberVEVO,204,United States,US,Music,63,42,49,105126000,26300,420500,315400,5000000,,2009,Sep,26,88.2,328239523,14.7,270663028,37.09024,-95.712891
150,Luis Fonsi,31400000,15176762479,Entertainment,luisfonsi,0,,,,4057944,,,,0,0,0,0,,2006,Mar,31,,,,,,
151,Peppa Pig - Official Channel,31400000,22919271731,Film & Animation,Peppa Pig - Official Channel,3589,United Kingdom,GB,Education,91,5,11,244925000,61200,979700,734800,11800000,300000,2013,Oct,9,60,66834405,3.85,55908316,55.378051,-3.435973
152,YOLO AVENTURAS,31200000,9673649438,People & Blogs,YOLO AVENTURAS,65,Venezuela,VE,Comedy,3361188,522,2270,3589,0.9,14,11,172,100,2018,Dec,16,79.3,28515829,8.8,25162368,6.42375,-66.58973
153,The Tonight Show Starring Jimmy Fallon,31200000,17111726160,Comedy,The Tonight Show Starring Jimmy Fallon,8976,United States,US,Comedy,166,44,6,22511000,0,0,0,0,100000,2006,Jan,8,88.2,328239523,14.7,270663028,37.09024,-95.712891
154,TheDonato,31200000,6187804950,Entertainment,TheDonato,3027,Argentina,AR,Games,997,3,12,190679000,47700,762700,572000,9200000,1900000,2015,Feb,17,90,44938712,9.79,41339571,-38.416097,-63.616672
155,ImagineDragons,30700000,16793072362,Music,ImagineDragons,92,United States,US,Music,169,45,50,188837000,47200,755300,566500,9100000,100000,2009,Aug,3,88.2,328239523,14.7,270663028,37.09024,-95.712891
156,Diana and Roma ESP,30700000,12355992466,,Diana and Roma ESP,578,United States,US,Entertainment,313,45,45,102998000,25700,412000,309000,4900000,200000,2016,Nov,27,88.2,328239523,14.7,270663028,37.09024,-95.712891
157,Round2hell,30700000,3145161634,Comedy,Round2hell,67,India,IN,Entertainment,2687,41,45,31822000,8000,127300,95500,1500000,300000,2016,Oct,20,28.1,1366417754,5.36,471031528,20.593684,78.96288
158,Zee News,30500000,16709857823,News & Politics,Zee News,180092,India,IN,News,168,41,4,461472000,115400,1800000,1400000,22200000,600000,2007,Jun,19,28.1,1366417754,5.36,471031528,20.593684,78.96288
159,AboFlah,30500000,4521573939,Gaming,AboFlah,641,Kuwait,KW,Entertainment,1573,1,7,157908000,39500,631600,473700,7600000,1300000,2016,Jul,28,54.4,4207083,2.18,4207083,29.31166,47.481766
160,AH,30400000,4332274962,Entertainment,AH,2197,Indonesia,ID,Entertainment,1701,4,46,21440000,5400,85800,64300,1000000,,2014,Jan,26,36.3,270203917,4.69,151509724,-0.789275,113.921327
161,Trap Nation,30400000,14037426379,Music,Trap Nation,2725,United States,US,Music,255,46,51,45822000,11500,183300,137500,2200000,,2012,Sep,23,88.2,328239523,14.7,270663028,37.09024,-95.712891
162,эээээээээээээээ ээээээ ээээээээээээээээээ,30400000,17999961915,,эээээээээээээээ ээээээ ээээээээээээээээээ,532,United States,US,Entertainment,147,46,46,122926000,30700,491700,368800,5900000,300000,2018,Nov,3,88.2,328239523,14.7,270663028,37.09024,-95.712891
163,Boram Tube Vlog [пїЅпїЅпїЅпїЅпїЅпїЅпїЅпїЅпї,30300000,13546549817,Entertainment,Boram Tube Vlog [пїЅпїЅпїЅпїЅпїЅпїЅпїЅпїЅпї,223,United States,US,Entertainment,269,47,47,22724000,5700,90900,68200,1100000,,2012,Feb,21,88.2,328239523,14.7,270663028,37.09024,-95.712891
164,Adele,30200000,14199108016,Music,Adele,15,United Kingdom,GB,Music,248,6,53,137099000,34300,548400,411300,6600000,100000,2008,Apr,4,60,66834405,3.85,55908316,55.378051,-3.435973
165,Talking Tom,30200000,15199330166,Comedy,TalkingTom,2,United States,US,Entertainment,4057345,7736,6776,,0,0,0,0,,2008,Jun,27,88.2,328239523,14.7,270663028,37.09024,-95.712891
166,ээээээээ ээээээээ ээээээээээ | toyoraljanahtv,30200000,27684955537,Entertainment,ээээээээ ээээээээ ээээээээээ | toyoraljanahtv,3254,Jordan,JO,Music,51,1,52,116434000,29100,465700,349300,5600000,100000,2008,Nov,24,34.4,10101694,14.72,9213048,30.585164,36.238414
167,Frost Diamond,30100000,7277493940,Gaming,frostdiamond,0,,,,4057944,,,,0,0,0,0,6,2006,Aug,10,,,,,,
168,Spinnin' Records,30100000,19607009165,Music,Spinnin' Records,11501,Netherlands,NL,Music,127,1,54,100040000,25000,400200,300100,4800000,100000,2007,Jul,12,85,17332850,3.2,15924729,52.132633,5.291266
169,Little Angel: Nursery Rhymes & Kids Songs,30100000,22593193994,Education,Little Angel: Nursery Rhymes & Kids Songs,1349,United States,US,Education,95,49,12,107525000,26900,430100,322600,5200000,,2015,Dec,14,88.2,328239523,14.7,270663028,37.09024,-95.712891
170,jacksepticeye,30100000,16246625836,Gaming,jacksepticeye,5114,,,Games,183,2,14,40425000,10100,161700,121300,1900000,100000,2007,Feb,24,,,,,,
171,Shawn Mendes,30000000,12831200855,Music,Shawn Mendes,133,Canada,CA,Music,295,4,55,88749000,22200,355000,266200,4300000,,2011,Jan,19,68.9,36991981,5.56,30628482,56.130366,-106.346771
172,ashish chanchlani vines,29800000,4457913639,Comedy,ashish chanchlani vines,151,India,IN,Comedy,1622,42,8,26171000,6500,104700,78500,1300000,100000,2009,Jul,6,28.1,1366417754,5.36,471031528,20.593684,78.96288
173,Ultra Records,29600000,17208027242,Music,Ultra Records,4903,United States,US,Music,165,50,56,81884000,20500,327500,245700,3900000,,2006,Oct,24,88.2,328239523,14.7,270663028,37.09024,-95.712891
174,Popular on YouTube,29300000,0,,Popular on Youtube,3,,,Education,4019724,,4847,1,0,0,0,0.05,,2017,Aug,7,,,,,,
175,Maluma,29300000,21226945136,Music,MaLuMa,14,Argentina,AR,People,4051498,3624,7658,15,0,0.06,0.05,0.72,,2015,Oct,31,90,44938712,9.79,41339571,-38.416097,-63.616672
176,Zhong,29200000,14727238483,Entertainment,Zhong,1513,United States,US,Entertainment,230,51,48,180519000,0,0,0,0,1000000,2015,Jan,19,88.2,328239523,14.7,270663028,37.09024,-95.712891
177,Enaldinho,29200000,11627437847,Comedy,Enaldinho,3654,Brazil,BR,Games,338,10,15,303100000,75800,1200000,909300,14500000,1000000,2012,Nov,7,51.3,212559417,12.08,183241641,-14.235004,-51.92528
178,AuronPlay,29200000,4079141673,Comedy,AuronPlay,404,Spain,ES,Comedy,1852,3,9,12143000,3000,48600,36400,582900,,2006,Feb,28,88.9,47076781,13.96,37927409,40.463667,-3.74922
179,Shorts Break,29000000,19466238065,Comedy,shorts break,42,,,,3997024,,,60805,15,243,182,2900,151,2021,Jan,28,,,,,,
180,infobells - Tamil,28900000,17930570614,Education,infobells - Tamil,555,India,IN,Education,149,44,13,109828000,27500,439300,329500,5300000,200000,2014,Mar,13,28.1,1366417754,5.36,471031528,20.593684,78.96288
181,Aditya Music India,28500000,25857994495,Music,Aditya Music,0,,,Music,4057944,,4721,,0,0,0,0,,2010,Dec,16,,,,,,
182,The Late Late Show with James Corden,28400000,9956764048,Entertainment,The Late Late Show with James Corden,5809,United States,US,Entertainment,445,53,49,26435000,6600,105700,79300,1300000,,2006,Nov,21,88.2,328239523,14.7,270663028,37.09024,-95.712891
183,Aditya Movies,28400000,10062770060,Movies,Aditya Movies,5436,India,IN,Film,432,45,11,227355000,56800,909400,682100,10900000,500000,2012,Feb,23,28.1,1366417754,5.36,471031528,20.593684,78.96288
184,Masha y el Oso,28300000,13577142726,Film & Animation,Masha y El oso,6,,,,4057907,,,2,0,0.01,0.01,0.1,,2019,Jul,21,,,,,,
185,infobells - Telugu,28300000,14814192034,Education,infobells - Telugu,505,India,IN,Education,223,45,14,288110000,72000,1200000,864300,13800000,800000,2014,Mar,13,28.1,1366417754,5.36,471031528,20.593684,78.96288
186,HUM TV,28300000,23844936965,Entertainment,HUM TV,106983,Pakistan,PK,Entertainment,80,3,49,684860000,171200,2700000,2100000,32900000,700000,2011,May,25,9,216565318,4.45,79927762,30.375321,69.345116
187,Shemaroo Movies,28200000,7600740993,Entertainment,Shemaroo Movies,3009,India,IN,Film,721,46,13,184966000,46200,739900,554900,8900000,500000,2011,Mar,1,28.1,1366417754,5.36,471031528,20.593684,78.96288
188,Michael Jackson,28200000,14412474625,Music,Michael Jackson,15,United States,US,Music,242,54,59,158591000,39600,634400,475800,7600000,200000,2005,Jun,22,88.2,328239523,14.7,270663028,37.09024,-95.712891
189,Drake,28100000,15318895118,Music,drake,3,,,Film,4011030,,4909,31,0.01,0.12,0.09,1,1,2005,Sep,23,,,,,,
190,Goldmines Dishoom,28000000,8603468420,Film & Animation,Goldmines Dishoom,3878,,,Film,587,,14,129211000,32300,516800,387600,6200000,400000,2016,Nov,26,,,,,,
191,Sandeep Maheshwari,27800000,2303069221,People & Blogs,Sandeepmaheshwari,0,Singapore,SG,,4057944,3017,,,0,0,0,0,1,2008,Jan,2,84.8,5703569,4.11,5703569,1.352083,103.819836
192,Bounce Patrol - Kids Songs,27800000,21037851468,Music,Bounce Patrol - Kids Songs,292,Australia,AU,Music,111,1,61,127441000,31900,509800,382300,6100000,,2013,Jan,1,113.1,25766605,5.27,21844756,-25.274398,133.775136
193,toycantando,27700000,15777682516,Music,toycantando,619,Colombia,CO,Music,197,4,62,173836000,43500,695300,521500,8300000,200000,2009,Jul,7,55.3,50339443,9.71,40827302,4.570868,-74.297333
194,MrBeast 2,27500000,4552581106,People & Blogs,Leaux Pass,27,United States,US,Music,2161873,5889,4311,649,0,0,0,0,,2011,Jun,23,88.2,328239523,14.7,270663028,37.09024,-95.712891
195,Wiz Khalifa,27500000,13379395501,Music,Wiz Khalifa,682,United States,US,Music,275,57,63,90450000,22600,361800,271300,4300000,100000,2008,May,9,88.2,328239523,14.7,270663028,37.09024,-95.712891
196,JYP Entertainment,27400000,19883150017,Music,JYP Entertainment,1753,South Korea,KR,Music,124,4,64,307631000,76900,1200000,922900,14800000,200000,2008,Jan,25,94.3,51709098,4.15,42106719,35.907757,127.766922
197,эээ Kids Roma Show,27400000,10336420490,People & Blogs,эээ Kids Roma Show,642,United States,US,Entertainment,418,58,50,175844000,44000,703400,527500,8400000,400000,2015,May,12,88.2,328239523,14.7,270663028,37.09024,-95.712891
198,DanTDM,27400000,19417887510,Gaming,DanTDM,3664,United Kingdom,GB,Games,132,7,16,78668000,19700,314700,236000,3800000,500000,2012,Jul,14,60,66834405,3.85,55908316,55.378051,-3.435973
199,Nick Jr.,27300000,22440611155,Film & Animation,Nick Jr.,5438,United States,US,Entertainment,100,59,51,42546000,10600,170200,127600,2000000,200000,2012,Sep,27,88.2,328239523,14.7,270663028,37.09024,-95.712891
200,Crazy XYZ,27300000,7705492350,Entertainment,Crazy XYZ,1259,India,IN,Tech,707,48,2,102235000,25600,408900,306700,4900000,100000,2017,Sep,10,28.1,1366417754,5.36,471031528,20.593684,78.96288
201,ToyPuddingTV,27100000,15916882228,Entertainment,ToyPudding TV[пїЅпїЅпїЅпїЅп,2,,,People,4052296,,7692,14,0,0.06,0.04,0.67,,2017,Jun,7,,,,,,
202,Dushyant kukreja,27100000,17318452893,Entertainment,Dushyant kukreja,889,India,IN,Entertainment,159,49,52,429692000,107400,1700000,1300000,20600000,700000,2015,Sep,26,28.1,1366417754,5.36,471031528,20.593684,78.96288
203,Gulshan Kalra,27100000,12732444881,Howto & Style,Gulshan Kalra,545,,,Howto,296,,5,502779000,125700,2000000,1500000,24100000,1300000,2018,Apr,9,,,,,,
204,Brent Rivera,27000000,6570935979,Comedy,Brent Rivera,554,United States,US,Entertainment,909,60,53,144453000,36100,577800,433400,6900000,300000,2009,Aug,1,88.2,328239523,14.7,270663028,37.09024,-95.712891
205,Renato Garcia YT,26900000,7938616641,Entertainment,Renato Garcia YT,3956,Brazil,BR,Entertainment,664,11,54,82912000,20700,331600,248700,4000000,200000,2011,Sep,29,51.3,212559417,12.08,183241641,-14.235004,-51.92528
206,Beast Reacts,26700000,4388047013,People & Blogs,Beast Reacts,241,United States,US,Entertainment,1632,61,54,276187000,69000,1100000,828600,13300000,1200000,2016,Apr,24,88.2,328239523,14.7,270663028,37.09024,-95.712891
207,enchufetv,26700000,10317306313,Comedy,enchufetv,975,Colombia,CO,Comedy,420,5,11,24363000,6100,97500,73100,1200000,,2011,Nov,13,55.3,50339443,9.71,40827302,4.570868,-74.297333
208,Netflix,26700000,7173668905,Entertainment,Netflix,6471,United States,US,Entertainment,797,62,55,118226000,29600,472900,354700,5700000,200000,2012,Jul,17,88.2,328239523,14.7,270663028,37.09024,-95.712891
209,Raffy Tulfo in Action,26500000,15065753455,News & Politics,Raffy Tulfo in Action,10022,Philippines,PH,News,219,3,5,163130000,40800,652500,489400,7800000,300000,2016,Apr,20,35.5,108116615,2.15,50975903,12.879721,121.774017
210,WORLDSTARHIPHOP,26500000,20358117330,Music,WORLDSTARHIPHOP,6873,United States,US,Music,117,63,65,89098000,22300,356400,267300,4300000,,2008,Nov,8,88.2,328239523,14.7,270663028,37.09024,-95.712891
211,Goldmines Bollywood,26400000,8595760553,Film & Animation,Goldmines Bollywood,3622,India,IN,Film,588,50,15,99677000,24900,398700,299000,4800000,400000,2015,Jul,22,28.1,1366417754,5.36,471031528,20.593684,78.96288
212,Alan Chikin Chow,26400000,27006526665,Comedy,Alan Chikin Chow,865,United States,US,Comedy,61,63,12,1046000000,261500,4200000,3100000,50200000,1300000,2020,Feb,3,88.2,328239523,14.7,270663028,37.09024,-95.712891
213,PANDA BOI,26400000,17211600007,Entertainment,PANDA BOI,967,Italy,IT,Entertainment,158,1,55,1225000000,306400,4900000,3700000,58800000,2000000,2020,Dec,5,61.9,60297396,9.89,42651966,41.87194,12.56738
214,BB Ki Vines,26300000,4749833967,Entertainment,BB Ki Vines,190,India,IN,Entertainment,1462,51,57,17264000,4300,69100,51800,828600,,2015,Jun,20,28.1,1366417754,5.36,471031528,20.593684,78.96288
215,D Billions,26200000,31977463002,,D Billions,775,United States,US,Entertainment,33,64,58,487076000,121800,1900000,1500000,23400000,200000,2019,Jul,27,88.2,328239523,14.7,270663028,37.09024,-95.712891
216,Junya.пїЅпїЅпїЅпїЅ,26200000,16097531087,Entertainment,Junya.пїЅпїЅпїЅпїЅ,5985,Japan,JP,Entertainment,184,2,56,721848000,180500,2900000,2200000,34600000,1100000,2020,Sep,14,63.2,126226568,2.29,115782416,36.204824,138.252924
217,Smosh,26100000,10435474336,Comedy,Smosh,1619,United States,US,Comedy,410,65,13,68156000,17000,272600,204500,3300000,400000,2005,Nov,19,88.2,328239523,14.7,270663028,37.09024,-95.712891
218,1MILLION Dance Studio,26100000,7886440199,Entertainment,1MILLION Dance Studio,0,Saudi Arabia,SA,Music,4057944,3695,5641,,0,0,0,0,,2019,Jul,13,68,34268528,5.93,28807838,23.885942,45.079162
219,NichLmao,26000000,14101010609,People & Blogs,NichLmao,868,,,People,249,,6,606362000,151600,2400000,1800000,29100000,1100000,2018,Sep,25,,,,,,
220,Beyoncпї,26000000,17308961985,Music,Beyoncпї,240,United States,US,Music,163,66,66,55454000,13900,221800,166400,2700000,,2005,Nov,7,88.2,328239523,14.7,270663028,37.09024,-95.712891
221,MarпїЅпїЅпїЅпїЅпїЅ,26000000,18597534412,Music,mariliamendonca,1,,,Music,4057142,,4914,3,0,0.01,0.01,0.14,3,2008,Jun,14,,,,,,
222,Indosiar,25900000,11372071889,Music,Indosiar,65286,Indonesia,ID,Entertainment,358,5,60,230183000,57500,920700,690500,11000000,600000,2013,Sep,23,36.3,270203917,4.69,151509724,-0.789275,113.921327
223,VanossGaming,25800000,15541421838,Gaming,VanossGaming,1762,Canada,CA,Games,206,5,17,54947000,13700,219800,164800,2600000,,2011,Sep,15,68.9,36991981,5.56,30628482,56.130366,-106.346771
224,David Guetta,25700000,17793809548,Music,David Guetta,749,United States,US,Music,153,67,67,164215000,41100,656900,492600,7900000,100000,2009,Dec,11,88.2,328239523,14.7,270663028,37.09024,-95.712891
225,LosPolinesios,25700000,7466926260,People & Blogs,LosPolinesios,982,Mexico,MX,People,746,8,7,30501000,7600,122000,91500,1500000,,2012,Dec,16,40.2,126014024,3.42,102626859,23.634501,-102.552784
226,Nicki Minaj,25700000,10242981063,Music,Nicki Minaj,42,United States,US,Music,425,67,67,103631000,25900,414500,310900,5000000,100000,2013,Aug,28,88.2,328239523,14.7,270663028,37.09024,-95.712891
227,Fede Vigevani,25600000,7962725960,Howto & Style,Fede Vigevani,0,,,,4057944,,,,0,0,0,0,2,2019,Aug,1,,,,,,
228,TaylorSwiftVEVO,25600000,25592378292,Music,TaylorSwiftVEVO,287,United States,US,Music,67,68,68,318593000,79600,1300000,955800,15300000,100000,2009,May,12,88.2,328239523,14.7,270663028,37.09024,-95.712891
229,ZHC,25500000,2726917087,Film & Animation,zhc,5,,,Entertainment,4042995,,6739,20,0.01,0.08,0.06,0.96,4,2006,Jan,24,,,,,,
230,Post Malone,25500000,14401218086,Music,Post Malone,78,United States,US,Music,243,69,69,195499000,48900,782000,586500,9400000,100000,2011,Dec,15,88.2,328239523,14.7,270663028,37.09024,-95.712891
231,Rans Entertainment,25400000,6430853035,People & Blogs,Rans Entertainment,3716,Indonesia,ID,Entertainment,942,6,62,58487000,14600,233900,175500,2800000,100000,2015,Dec,27,36.3,270203917,4.69,151509724,-0.789275,113.921327
232,LankyBox,25400000,34300482066,Comedy,LankyBox,8775,United States,US,Games,29,69,18,815341000,203800,3300000,2400000,39100000,600000,2016,Jul,30,88.2,328239523,14.7,270663028,37.09024,-95.712891
233,Coldplay,25300000,17331663193,Music,Coldplay,398,United Kingdom,GB,Music,160,8,70,198875000,49700,795500,596600,9500000,100000,2010,Jan,3,60,66834405,3.85,55908316,55.378051,-3.435973
234,Las Ratitas,25200000,9602246828,People & Blogs,LAS RATITAS,4,,,People,4051936,,7690,11,0,0.04,0.03,0.53,,2019,May,31,,,,,,
235,WB Kids,25200000,11081602368,People & Blogs,WB Kids,2025,United States,US,Film,375,70,16,140319000,35100,561300,421000,6700000,300000,2015,Mar,31,88.2,328239523,14.7,270663028,37.09024,-95.712891
236,ABPLIVE,25200000,7968363381,People & Blogs,ABPLIVE,12,,,People,4026389,,7421,2,0,0.01,0.01,0.1,,2014,Jul,26,,,,,,
237,Chris Brown,25200000,15520569496,Music,ChrisBrown,0,,,,3612215,,,,0,0,0,0,,,,,,,,,,
238,The Lallantop,25200000,10409352249,News & Politics,The Lallantop,51129,India,IN,News,408,52,6,273920000,68500,1100000,821800,13100000,300000,2015,Mar,23,28.1,1366417754,5.36,471031528,20.593684,78.96288
239,RihannaVEVO,25100000,19458807708,Music,RihannaVEVO,118,United States,US,Music,130,71,72,94246000,23600,377000,282700,4500000,,2009,May,12,88.2,328239523,14.7,270663028,37.09024,-95.712891
240,WatchMojo.com,25100000,16357064198,Music,WatchMojo.com,24837,Canada,CA,Entertainment,180,6,64,49009000,12300,196000,147000,2400000,,2007,Jan,25,68.9,36991981,5.56,30628482,56.130366,-106.346771
241,TRANS7 OFFICIAL,25000000,14169516119,Entertainment,TRANS7 OFFICIAL,89179,Indonesia,ID,Entertainment,251,7,64,123189000,30800,492800,369600,5900000,100000,2014,Sep,4,36.3,270203917,4.69,151509724,-0.789275,113.921327
242,Anuel AA,25000000,14827085149,Music,Anuel AA,147,Colombia,CO,Music,225,6,73,284144000,71000,1100000,852400,13600000,300000,2016,Sep,8,55.3,50339443,9.71,40827302,4.570868,-74.297333
243,Dan Rhodes,24800000,17387583720,Entertainment,Dan Rhodes,1644,United Kingdom,GB,Entertainment,157,9,66,331889000,83000,1300000,995700,15900000,500000,2015,Oct,30,60,66834405,3.85,55908316,55.378051,-3.435973
244,Yuya,24800000,2588501115,Howto & Style,Yuya,672,Mexico,MX,Howto,3505,9,6,336291,84,1300,1000,16100,,2009,Sep,20,40.2,126014024,3.42,102626859,23.634501,-102.552784
245,America's Got Talent,24800000,3699352704,Entertainment,America's Got Talent,1894,United States,US,Entertainment,2122,72,65,134412000,33600,537600,403200,6500000,400000,2006,Jun,29,88.2,328239523,14.7,270663028,37.09024,-95.712891
246,mujjuu___14,24800000,14655527943,People & Blogs,mujjuu___14,872,,,People,234,,8,400222000,100100,1600000,1200000,19200000,900000,2020,May,18,,,,,,
247,EminemVEVO,24700000,20531704527,Music,EminemVEVO,104,United States,US,Music,115,73,74,139443000,34900,557800,418300,6700000,100000,2009,May,12,88.2,328239523,14.7,270663028,37.09024,-95.712891
248,Chloe Ting,24700000,2994726412,Howto & Style,Chloe Ting,412,Australia,AU,Howto,2897,2,7,23263000,5800,93100,69800,1100000,,2011,Aug,17,113.1,25766605,5.27,21844756,-25.274398,133.775136
249,KatyPerryVEVO,24600000,23755792542,Music,KatyPerryVEVO,175,United States,US,Music,82,74,75,88940000,22200,355800,266800,4300000,100000,2009,Dec,13,88.2,328239523,14.7,270663028,37.09024,-95.712891
250,Mark Rober,24600000,3647987299,Science & Technology,Mark Rober,120,United States,US,Tech,2178,74,3,88625000,22200,354500,265900,4300000,200000,2011,Oct,20,88.2,328239523,14.7,270663028,37.09024,-95.712891
251,1theK (пїЅпїЅпїЅпїЅп,24500000,23962070944,Music,1theK (пїЅпїЅпїЅпїЅп,18950,South Korea,KR,Entertainment,79,6,67,105567000,26400,422300,316700,5100000,,2011,Jan,31,94.3,51709098,4.15,42106719,35.907757,127.766922
252,Like Nastya AE,24400000,12385924995,Entertainment,Like Nastya AE,658,United States,US,Entertainment,312,75,68,169865000,42500,679500,509600,8200000,400000,2018,Dec,19,88.2,328239523,14.7,270663028,37.09024,-95.712891
253,Amit Bhadana,24300000,2380248899,Entertainment,Amit Bhadana,17,,,People,4054185,,7710,5,0,0.02,0.02,0.24,,2009,Dec,31,,,,,,
254,Pen Movies,24300000,6608773195,Film & Animation,Pen Movies,1667,India,IN,Film,903,53,17,94853000,23700,379400,284600,4600000,300000,2014,Mar,25,28.1,1366417754,5.36,471031528,20.593684,78.96288
255,MrBeast en EspaпїЅп,24200000,2700914170,Entertainment,MrBeast en EspaпїЅп,67,Mexico,MX,Entertainment,3309,10,70,33590000,8400,134400,100800,1600000,100000,2021,Jul,9,40.2,126014024,3.42,102626859,23.634501,-102.552784
256,shfa show India,24200000,15724160183,,shfa show India,469,United Arab Emirates,AE,People,203,3,9,151208000,37800,604800,453600,7300000,200000,2019,Apr,1,36.8,9770529,2.35,8479744,23.424076,53.847818
257,Super JoJo - Nursery Rhymes & Kids Songs,24100000,329774870,,Super JoJo - Nursery Rhymes & Kids Songs,36,United States,US,Education,40117,77,15,328503000,82100,1300000,985500,15800000,100000,2019,May,31,88.2,328239523,14.7,270663028,37.09024,-95.712891
258,Alejo Igoa,24100000,10999000479,Comedy,Alejo Igoa,802,Argentina,AR,Entertainment,376,4,71,401512000,100400,1600000,1200000,19300000,600000,2014,Jan,17,90,44938712,9.79,41339571,-38.416097,-63.616672
259,Daniel LaBelle,24100000,12916159065,Comedy,Daniel LaBelle,287,,,Comedy,290,,14,398765000,99700,1600000,1200000,19100000,700000,2009,Mar,11,,,,,,
260,netd mпїЅпї,24100000,56106087508,Music,netd mпїЅпї,23491,Turkey,TR,Music,14,2,76,424815000,106200,1700000,1300000,20400000,200000,2014,Jan,23,23.9,83429615,13.49,63097818,38.963745,35.243322
261,DJ Snake,24100000,8425505919,Music,DJ Snake,252,United States,US,Music,602,77,76,63293000,15800,253200,189900,3000000,,2008,Sep,24,88.2,328239523,14.7,270663028,37.09024,-95.712891
262,Diana and Roma ARA,24100000,11041261296,,Diana and Roma ARA,590,United States,US,Entertainment,379,76,70,66884000,16700,267500,200700,3200000,200000,2019,Feb,1,88.2,328239523,14.7,270663028,37.09024,-95.712891
263,KSI,24100000,6002166932,Entertainment,KSI,1252,United Kingdom,GB,Music,1053,10,76,5439000,1400,21800,16300,261100,,2009,Jul,25,60,66834405,3.85,55908316,55.378051,-3.435973
264,Spider Slack,24000000,13943030228,Comedy,Spider Slack,901,Brazil,BR,Comedy,252,13,14,761451000,190400,3000000,2300000,36500000,1100000,2020,May,18,51.3,212559417,12.08,183241641,-14.235004,-51.92528
265,Goldmines Movies,24000000,5652938599,Film & Animation,Ti Ti,3,,,People,4057888,,7725,3,0,0.01,0.01,0.14,,2018,Apr,30,,,,,,
266,Preston,24000000,8279004442,Gaming,Preston,4009,United States,US,Entertainment,621,78,72,151697000,37900,606800,455100,7300000,200000,2012,Jul,4,88.2,328239523,14.7,270663028,37.09024,-95.712891
267,James Charles,23900000,4067878931,Entertainment,James Charles,505,United States,US,Entertainment,1860,79,73,58126000,14500,232500,174400,2800000,100000,2015,Dec,1,88.2,328239523,14.7,270663028,37.09024,-95.712891
268,Collins Key,23900000,6582932625,Entertainment,Collins Key,257,United States,US,Entertainment,911,79,73,10853000,2700,43400,32600,520900,,2011,Aug,9,88.2,328239523,14.7,270663028,37.09024,-95.712891
269,Diana and Roma EN,23900000,7213499085,People & Blogs,Diana and Roma EN,511,United States,US,Entertainment,787,79,73,177769000,44400,711100,533300,8500000,300000,2011,Dec,22,88.2,328239523,14.7,270663028,37.09024,-95.712891
270,Venus Entertainment,23800000,5663125358,Entertainment,Venus Entertainment,70,,,Entertainment,367929,,2500,31633,8,127,95,1500,,2016,May,17,,,,,,
271,Troom Troom,23800000,10414479943,Howto & Style,Troom Troom,2425,United States,US,Howto,412,80,8,98052000,24500,392200,294200,4700000,100000,2015,Sep,12,88.2,328239523,14.7,270663028,37.09024,-95.712891
272,Enrique Iglesias,23800000,17688774915,Music,Enrique Iglesias,443,United States,US,Music,154,80,77,122914000,30700,491700,368700,5900000,100000,2007,Apr,12,88.2,328239523,14.7,270663028,37.09024,-95.712891
273,Ninja,23700000,2543809954,Gaming,Ninja,1732,United States,US,Games,3590,81,19,8368000,2100,33500,25100,401700,,2011,Nov,11,88.2,328239523,14.7,270663028,37.09024,-95.712891
274,FaZe Rug,23700000,7451792132,Gaming,FaZeRug,0,Canada,CA,Games,4057944,3885,7268,,0,0,0,0,1,2012,Nov,30,68.9,36991981,5.56,30628482,56.130366,-106.346771
275,Mister Max,23700000,15510153803,People & Blogs,Mister Max,1099,United Kingdom,GB,Entertainment,208,11,74,32817000,8200,131300,98400,1600000,,2014,Sep,22,60,66834405,3.85,55908316,55.378051,-3.435973
276,That Little Puff,23700000,20289689389,Pets & Animals,That Little Puff,769,United States,US,Animals,118,81,1,755054000,188800,3000000,2300000,36200000,1100000,2020,Aug,29,88.2,328239523,14.7,270663028,37.09024,-95.712891
277,NickyJamTV,23600000,15901824841,Music,NickyJamTV,392,,,Music,193,3,78,77927000,19500,311700,233800,3700000,100000,2012,Jan,10,,,,,,
278,Juan De Dios Pantoja,23600000,2135644776,Entertainment,Juan De Dios Pantoja,226,Mexico,MX,People,4529,11,10,46862000,11700,187400,140600,2200000,200000,2014,Jun,9,40.2,126014024,3.42,102626859,23.634501,-102.552784
279,Logan Paul,23600000,5994002464,Entertainment,Logan Paul,719,United States,US,Entertainment,1057,82,75,10803000,2700,43200,32400,518600,,2015,Aug,29,88.2,328239523,14.7,270663028,37.09024,-95.712891
280,Maya and Mary,23600000,6766461070,Entertainment,Maya and Mary,552,United States,US,Entertainment,883,82,75,44542000,11100,178200,133600,2100000,400000,2013,Aug,30,88.2,328239523,14.7,270663028,37.09024,-95.712891
281,Peppa Pig EspaпїЅпїЅпїЅпїЅпїЅпїЅпїЅпїЅпїЅ,23600000,7920637200,Film & Animation,Peppa Pig EspaпїЅпїЅпїЅпїЅпїЅпїЅпїЅпїЅпїЅ,1251,United Kingdom,GB,Film,668,12,19,53589000,13400,214400,160800,2600000,100000,2014,Jul,28,60,66834405,3.85,55908316,55.378051,-3.435973
282,Jelly,23500000,14777034543,Gaming,Jelly,6066,United Kingdom,GB,Games,229,13,20,41669000,10400,166700,125000,2000000,,2014,May,27,60,66834405,3.85,55908316,55.378051,-3.435973
283,Miss Katy,23500000,14696994366,People & Blogs,Miss Katy,1044,United Kingdom,GB,Entertainment,235,13,76,59629000,14900,238500,178900,2900000,,2014,Nov,17,60,66834405,3.85,55908316,55.378051,-3.435973
284,Tilak,23400000,9465863821,Film & Animation,Tilak,6672,India,IN,Film,493,56,20,367347000,91800,1500000,1100000,17600000,900000,2020,Oct,10,28.1,1366417754,5.36,471031528,20.593684,78.96288
285,Valentina Pontes ofc,23400000,7926899136,Film & Animation,Valentina Pontes ofc,1291,Brazil,BR,Entertainment,667,14,77,28285000,7100,113100,84900,1400000,,2014,Apr,14,51.3,212559417,12.08,183241641,-14.235004,-51.92528
286,Sesame Street,23300000,22471357411,Entertainment,Sesame Street,3657,United States,US,Entertainment,99,83,78,124187000,31000,496700,372600,6000000,100000,2006,Jan,16,88.2,328239523,14.7,270663028,37.09024,-95.712891
287,Happy Lives,23200000,2634,Science & Technology,Happy Lives,1,United States,US,Entertainment,4053372,84,79,6589000000,0,0,0,0,100000,2016,Mar,15,88.2,328239523,14.7,270663028,37.09024,-95.712891
288,Lady Gaga,23200000,15751661213,People & Blogs,Lady Gaga,172,United States,US,Music,198,83,79,143169000,35800,572700,429500,6900000,100000,2008,May,15,88.2,328239523,14.7,270663028,37.09024,-95.712891
289,Akshay Nagwadiya,23200000,7966720147,Entertainment,Akshay Nagwadiya,595,,,Entertainment,660,,79,321179000,80300,1300000,963500,15400000,900000,2017,Oct,25,,,,,,
290,Wave Music Bhojpuri,23100000,12889240875,Music,Wave Music Bhojpuri,22578,India,IN,Music,293,59,81,52678000,13200,210700,158000,2500000,100000,2014,Aug,10,28.1,1366417754,5.36,471031528,20.593684,78.96288
291,GMM GRAMMY OFFICIAL,23100000,25579831081,Music,GMM GRAMMY OFFICIAL,15462,Thailand,TH,Music,68,4,81,130233000,32600,520900,390700,6300000,,2010,Nov,8,49.3,69625582,0.75,35294600,15.870032,100.992541
292,TED,23100000,2551113422,People & Blogs,TED,4445,United States,US,Tech,3568,85,4,13246000,3300,53000,39700,635800,100000,2006,Dec,6,88.2,328239523,14.7,270663028,37.09024,-95.712891
293,unknown boy varun,23100000,9299371231,Music,unknown boy varun,456,India,IN,Music,506,58,80,304021000,76000,1200000,912100,14600000,700000,2016,Sep,27,28.1,1366417754,5.36,471031528,20.593684,78.96288
294,Kids TV - Nursery Rhymes And Baby Songs,23100000,13151870846,Shows,Kids TV - Nursery Rhymes And Baby Songs,3781,United States,US,Music,282,85,81,128448000,32100,513800,385300,6200000,700000,2013,Aug,30,88.2,328239523,14.7,270663028,37.09024,-95.712891
295,Tsuriki Show,23000000,31494513067,Entertainment,Tsuriki Show,2905,Germany,DE,Comedy,34,1,15,756717000,189200,3000000,2300000,36300000,800000,2019,Jul,10,70.2,83132799,3.04,64324835,51.165691,10.451526
296,Technical Guruji,23000000,3378047383,Science & Technology,Technical Guruji,5041,India,IN,Tech,2420,60,5,22262000,5600,89000,66800,1100000,,2015,Oct,19,28.1,1366417754,5.36,471031528,20.593684,78.96288
297,DrossRotzank,23000000,6041264489,Entertainment,DrossRotzank,1598,Argentina,AR,Entertainment,1040,5,80,35539000,8900,142200,106600,1700000,100000,2006,Mar,9,90,44938712,9.79,41339571,-38.416097,-63.616672
298,White Hill Music,23000000,10939966484,Entertainment,White Hill Music,5718,India,IN,Music,382,60,82,93183000,23300,372700,279500,4500000,100000,2014,Mar,23,28.1,1366417754,5.36,471031528,20.593684,78.96288
299,Ultra Movie Parlour,22900000,5320485069,Movies,Ultra Movie Parlour,1670,India,IN,Film,1248,61,22,118846000,0,0,0,0,300000,2011,May,17,28.1,1366417754,5.36,471031528,20.593684,78.96288
300,Alan Becker,22900000,5380073627,Film & Animation,Alan Becker,0,United States,US,Games,4057944,7700,7453,,0,0,0,0,1,2006,Mar,21,88.2,328239523,14.7,270663028,37.09024,-95.712891
301,toyorbabytv,22900000,16298342829,Music,toyorbabytv,1159,Jordan,JO,Music,181,2,83,169056000,42300,676200,507200,8100000,300000,2012,Nov,1,34.4,10101694,14.72,9213048,30.585164,36.238414
302,BabyBus - Canciones Infantiles & Videos para NiпїЅп,22900000,13206471140,Education,BabyBus - Canciones Infantiles & Videos paraпїЅ,1251,Mexico,MX,Education,278,12,17,136821000,34200,547300,410500,6600000,200000,2018,Mar,19,40.2,126014024,3.42,102626859,23.634501,-102.552784
303,KL BRO Biju Rithvik,22800000,17988347989,Entertainment,KL BRO Biju Rithvik,1841,,,Entertainment,143,,79,2033000000,508100,8100000,6100000,97600000,3200000,2020,Jul,21,,,,,,
304,Vania Mania Kids,22700000,10115316784,People & Blogs,Vania Mania Kids,985,United States,US,Education,438,87,18,155215000,38800,620900,465600,7500000,300000,2015,Sep,9,88.2,328239523,14.7,270663028,37.09024,-95.712891
305,Like Nastya PRT,22700000,11568118121,Entertainment,Like Nastya PRT,654,,,Entertainment,344,,82,96613000,24200,386500,289800,4600000,100000,2019,Apr,9,,,,,,
306,Sun TV,22600000,20847038152,People & Blogs,Sun TV,60964,India,IN,Entertainment,109,63,82,982238000,245600,3900000,2900000,47100000,600000,2016,Feb,26,28.1,1366417754,5.36,471031528,20.593684,78.96288
307,Heroindori,22600000,9223534599,Comedy,Heroindori,495,India,IN,Entertainment,508,62,81,399152000,99800,1600000,1200000,19200000,1400000,2020,Jun,29,28.1,1366417754,5.36,471031528,20.593684,78.96288
308,The Chainsmokers,22600000,14231943358,Music,The Chainsmokers,180,United States,US,Music,246,88,84,81660000,20400,326600,245000,3900000,100000,2012,Sep,22,88.2,328239523,14.7,270663028,37.09024,-95.712891
309,mmoshaya,22600000,17507060680,People & Blogs,mmoshaya,1189,Saudi Arabia,SA,Entertainment,156,1,83,73829000,18500,295300,221500,3500000,100000,2010,Dec,11,68,34268528,5.93,28807838,23.885942,45.079162
310,Sia,22600000,13405849040,Music,Sia,171,United States,US,Music,273,88,84,95253000,23800,381000,285800,4600000,,2007,Nov,19,88.2,328239523,14.7,270663028,37.09024,-95.712891
311,LeoNata Family,22600000,27084848152,People & Blogs,LeoNata Family,2321,United States,US,People,57,87,11,1174000000,293500,4700000,3500000,56300000,1300000,2021,Sep,28,88.2,328239523,14.7,270663028,37.09024,-95.712891
312,Goldmines Cineplex,22500000,2431154438,Film & Animation,Goldmines Cineplex,3377,India,IN,Film,3793,64,23,48740000,12200,195000,146200,2300000,200000,2015,Sep,12,28.1,1366417754,5.36,471031528,20.593684,78.96288
313,Vlad and Niki Arabic,22500000,10613701948,,Vlad and Niki Arabic,526,United States,US,Entertainment,399,89,84,65066000,16300,260300,195200,3100000,100000,2018,Nov,9,88.2,328239523,14.7,270663028,37.09024,-95.712891
314,SSundee,22500000,13835173331,Gaming,SSundee,3315,United States,US,Games,261,90,21,175094000,43800,700400,525300,8400000,200000,2009,Nov,28,88.2,328239523,14.7,270663028,37.09024,-95.712891
315,Paulo Londra,22400000,8040036209,Music,Paulo Londra,58,Argentina,AR,Music,648,6,85,72242000,18100,289000,216700,3500000,,2016,Aug,8,90,44938712,9.79,41339571,-38.416097,-63.616672
316,Smile Family,22300000,8663830163,People & Blogs,SMILE Family,34,France,FR,Music,3805801,3046,4509,735,0.18,3,2,35,10,2019,Nov,3,65.6,67059887,8.43,54123364,46.227638,2.213749
317,FGTeeV,22300000,24059336857,Gaming,FGTeeV,1724,United States,US,Games,77,91,22,132110000,33000,528400,396300,6300000,100000,2013,May,24,88.2,328239523,14.7,270663028,37.09024,-95.712891
318,Kinder Spielzeug Kanal (Kidibli),22200000,11136266461,Entertainment,Kinder Spielzeug Kanal (Kidibli),999,United States,US,Entertainment,370,92,86,139333000,34800,557300,418000,6700000,200000,2015,Sep,25,88.2,328239523,14.7,270663028,37.09024,-95.712891
319,Charlie Puth,22000000,9924807127,Music,Charlie Puth,157,United States,US,Music,449,94,86,111500000,27900,446000,334500,5400000,100000,2009,Sep,9,88.2,328239523,14.7,270663028,37.09024,-95.712891
320,Vlad and Niki ESP,22000000,8594440895,,Vlad and Niki ESP,515,United States,US,Entertainment,591,93,87,183871000,46000,735500,551600,8800000,200000,2018,Oct,11,88.2,328239523,14.7,270663028,37.09024,-95.712891
321,Sagawa /пїЅпїЅпїЅ,22000000,18347969186,Entertainment,Sagawa /пїЅпїЅпїЅ,6274,Japan,JP,Entertainment,144,3,88,711254000,177800,2800000,2100000,34100000,800000,2021,Feb,13,63.2,126226568,2.29,115782416,36.204824,138.252924
322,Ben Azelart,21900000,4454917643,Film & Animation,Ben Azelart,301,United States,US,Entertainment,1620,94,88,184946000,46200,739800,554800,8900000,500000,2014,Jun,5,88.2,328239523,14.7,270663028,37.09024,-95.712891
323,Zach Choi ASMR,21900000,5918314128,People & Blogs,Zach Choi ASMR,946,United States,US,People,1069,94,12,234222000,58600,936900,702700,11200000,400000,2014,Jul,5,88.2,328239523,14.7,270663028,37.09024,-95.712891
324,Topper Guild,21900000,15552070846,Comedy,Topper Guild,816,United States,US,Comedy,204,91,16,687028000,171800,2700000,2100000,33000000,1900000,2014,Jul,9,88.2,328239523,14.7,270663028,37.09024,-95.712891
325,Disney LatinoamпїЅпїЅ,21900000,20657571751,Entertainment,disneylatinoamerica,116,Mexico,MX,Music,1277277,2973,4085,4719,1,19,14,227,,2008,Apr,7,40.2,126014024,3.42,102626859,23.634501,-102.552784
326,Stokes Twins,21800000,4469711607,People & Blogs,Stokes Twins,257,United States,US,People,1610,95,13,197953000,49500,791800,593900,9500000,600000,2008,Apr,11,88.2,328239523,14.7,270663028,37.09024,-95.712891
327,National Geographic,21800000,5614621131,Science & Technology,National Geographic,10162,United States,US,Entertainment,1158,95,89,45812000,11500,183200,137400,2200000,100000,2006,May,7,88.2,328239523,14.7,270663028,37.09024,-95.712891
328,Dua Lipa,21800000,11288359365,Music,Dua Lipa,164,United Kingdom,GB,Music,368,14,87,128047000,32000,512200,384100,6100000,100000,2011,Feb,5,60,66834405,3.85,55908316,55.378051,-3.435973
329,OneDirectionVEVO,21800000,12140232004,Music,OneDirectionVEVO,266,United Kingdom,GB,Music,322,14,87,51134000,12800,204500,153400,2500000,,2010,Dec,4,60,66834405,3.85,55908316,55.378051,-3.435973
330,Rotana,21800000,19329351143,Music,rotana5018,135,,,Music,926975,,2709,10571,3,42,32,507,100,2011,Oct,27,,,,,,
331,Netflix India,21800000,7780934187,People & Blogs,NETFLIX INDIA,1,,,People,4052308,,7665,408,0,0,0,0,,2017,Sep,24,,,,,,
332,Sourav Joshi Vlogs,21700000,9392093496,People & Blogs,Sourav Joshi Vlogs,1390,,,People,498,,13,265336000,66300,1100000,796000,12700000,400000,2019,Feb,19,,,,,,
333,ZAMZAM ELECTRONICS TRADING,21700000,8507818877,,ZAMZAM ELECTRONICS TRADING,15126,United Arab Emirates,AE,People,608,4,14,1598000000,399600,6400000,4800000,76700000,3400000,2020,Dec,19,36.8,9770529,2.35,8479744,23.424076,53.847818
334,DUDU e CAROL,21600000,9597894786,Autos & Vehicles,DUDU e CAROL,2942,Brazil,BR,Entertainment,481,15,90,193174000,48300,772700,579500,9300000,300000,2013,Mar,2,51.3,212559417,12.08,183241641,-14.235004,-51.92528
335,Village Cooking Channel,21600000,5863377051,Howto & Style,Village Cooking Channel,219,India,IN,Howto,1082,66,9,194604000,48700,778400,583800,9300000,400000,2018,Apr,25,28.1,1366417754,5.36,471031528,20.593684,78.96288
336,Eva Bravo Play,21600000,9346383505,Entertainment,Eva Bravo Play,228,United States,US,Entertainment,507,96,90,63919000,16000,255700,191800,3100000,,2019,May,7,88.2,328239523,14.7,270663028,37.09024,-95.712891
337,Tekashi 6ix9ine,21500000,5890180734,People & Blogs,Tekashi 6ix9ine,51,United States,US,Music,1081,96,88,113542000,28400,454200,340600,5400000,200000,2018,Apr,6,88.2,328239523,14.7,270663028,37.09024,-95.712891
338,Tlnovelas,21500000,15013096899,News & Politics,tlnovelas,158,Mexico,MX,Entertainment,1936958,2063,2940,15459,4,62,46,742,,2014,Jan,2,40.2,126014024,3.42,102626859,23.634501,-102.552784
339,SMOL,21500000,22065582014,People & Blogs,Claudio,6,,,Music,4057657,,5782,3,0,0.01,0.01,0.14,,2006,Apr,2,,,,,,
340,invictor,21500000,8409641722,Gaming,INVICTOR,17,Chile,CL,People,4038708,2889,7518,49,0.01,0.2,0.15,2,4,2016,Jul,26,88.5,18952038,7.09,16610135,-35.675147,-71.542969
341,YOLO,21400000,1573058816,Comedy,YOLO,0,Germany,DE,,4057944,3810,,,0,0,0,0,5,2013,Jun,11,70.2,83132799,3.04,64324835,51.165691,10.451526
342,Sidhu Moose Wala,21400000,6264261757,Music,Sidhu Moose Wala,114,India,IN,Music,987,67,89,160690000,40200,642800,482100,7700000,500000,2017,Oct,30,28.1,1366417754,5.36,471031528,20.593684,78.96288
343,The Royalty Family,21300000,6269945014,People & Blogs,The Royalty Family,733,United States,US,People,982,98,15,160227000,40100,640900,480700,7700000,200000,2017,Apr,13,88.2,328239523,14.7,270663028,37.09024,-95.712891
344,Becky G,21300000,10644857969,Music,Becky G,78,United States,US,Music,396,98,90,103171000,25800,412700,309500,5000000,100000,2011,Sep,6,88.2,328239523,14.7,270663028,37.09024,-95.712891
345,Ishaan Ali 11,21300000,12761253839,People & Blogs,Ishaan Ali 11,951,India,IN,People,301,68,16,729409000,182400,2900000,2200000,35000000,1600000,2016,Jul,27,28.1,1366417754,5.36,471031528,20.593684,78.96288
346,Infinite,21300000,5141834668,Entertainment,Infinite,1608,United States,US,Entertainment,1296,98,93,68350000,17100,273400,205100,3300000,200000,2014,Aug,21,88.2,328239523,14.7,270663028,37.09024,-95.712891
347,Azhan5star,21300000,10047736580,Entertainment,Azhan5star,669,India,IN,Entertainment,436,67,92,236293000,59100,945200,708900,11300000,600000,2021,Feb,2,28.1,1366417754,5.36,471031528,20.593684,78.96288
348,Dangal TV Channel,21300000,12895427184,Entertainment,Dangal TV Channel,20225,India,IN,Entertainment,291,67,92,561020000,140300,2200000,1700000,26900000,700000,2017,Aug,2,28.1,1366417754,5.36,471031528,20.593684,78.96288
349,Khan GS Research Centre,21200000,2073073070,Education,KHAN GS RESEARCH CENTRE,1,,,People,4057930,,7727,,0,0,0,0,,2017,Jan,5,,,,,,
350,GMA Public  Affairs,21200000,11364908616,Entertainment,GMA Public  Affairs,31989,Philippines,PH,News,359,4,7,142317000,35600,569300,427000,6800000,200000,2009,Aug,8,35.5,108116615,2.15,50975903,12.879721,121.774017
351,Tasty,21100000,5783557209,Howto & Style,Tasty,4728,United States,US,Howto,1113,99,10,24691000,6200,98800,74100,1200000,,2016,Jan,22,88.2,328239523,14.7,270663028,37.09024,-95.712891
352,Baim Paula,21100000,4526271677,People & Blogs,Baim Paula,2325,Indonesia,ID,Entertainment,1583,8,94,26974000,6700,107900,80900,1300000,100000,2016,Jun,4,36.3,270203917,4.69,151509724,-0.789275,113.921327
353,nigahiga,21000000,4380564906,Entertainment,nigahiga,403,United States,US,Entertainment,1671,100,95,2476000,619,9900,7400,118900,,2006,Jul,21,88.2,328239523,14.7,270663028,37.09024,-95.712891
354,Rafa & Luiz,21000000,7762905663,Entertainment,Rafa & Luiz,2883,Brazil,BR,Entertainment,695,16,94,118410000,29600,473600,355200,5700000,400000,2015,Aug,26,51.3,212559417,12.08,183241641,-14.235004,-51.92528
355,Lyrical Lemonade,21000000,10631638628,Entertainment,Lyrical Lemonade,420,United States,US,Entertainment,398,100,95,80062000,20000,320200,240200,3800000,100000,2013,Mar,25,88.2,328239523,14.7,270663028,37.09024,-95.712891
356,Vlad and Niki IDN,21000000,9789121606,,Vlad and Niki IDN,498,United States,US,Entertainment,464,100,95,133362000,33300,533400,400100,6400000,300000,2018,Nov,9,88.2,328239523,14.7,270663028,37.09024,-95.712891
357,Dr. Vivek Bindra: Motivational Speaker,20900000,1693149479,Education,Dr. Vivek Bindra: Motivational Speaker,896,India,IN,Education,6082,69,20,28588000,7100,114400,85800,1400000,100000,2013,Dec,6,28.1,1366417754,5.36,471031528,20.593684,78.96288
358,Fatos Desconhecidos,20900000,3828000587,Entertainment,Fatos Desconhecidos,6262,Brazil,BR,Entertainment,2033,17,96,52330000,13100,209300,157000,2500000,100000,2013,Sep,26,51.3,212559417,12.08,183241641,-14.235004,-51.92528
359,Brave Wilderness,20900000,4927879069,Pets & Animals,Brave Wilderness,982,United States,US,Animals,1396,100,2,2989000,0,0,0,0,100000,2014,Sep,8,88.2,328239523,14.7,270663028,37.09024,-95.712891
360,LIV Crime,20900000,11058049885,People & Blogs,LIV Crime,9850,United States,US,People,372,100,17,383700000,95900,1500000,1200000,18400000,600000,2020,Aug,18,88.2,328239523,14.7,270663028,37.09024,-95.712891
361,Minecraft - Topic,20900000,0,,Minecraft - Topic,0,,,Games,4057944,,24,,0,0,0,0,300000,2013,Dec,20,,,,,,
362,Romeo Santos,20900000,17324976752,Music,RomeoSantos,6,United States,US,Music,2595710,5417,4067,99,0.02,0.4,0.3,5,,2006,Jul,31,88.2,328239523,14.7,270663028,37.09024,-95.712891
363,Canal Canalha,20800000,1870608170,Comedy,Canal Canalha,288,Brazil,BR,Comedy,5407,18,18,23897000,6000,95600,71700,1100000,,2011,Apr,8,51.3,212559417,12.08,183241641,-14.235004,-51.92528
364,Kurzgesagt пїЅпїЅпїЅпїЅпїЅпї,20800000,2378448129,Education,Kurzgesagt пїЅпїЅпїЅпїЅпїЅпї,193,Germany,DE,Education,3914,2,21,29269000,7300,117100,87800,1400000,100000,2013,Jul,9,70.2,83132799,3.04,64324835,51.165691,10.451526
365,Yoeslan,20700000,17963202261,Entertainment,Yoeslan,619,United States,US,Entertainment,146,101,96,874796000,218700,3500000,2600000,42000000,1000000,2020,Sep,26,88.2,328239523,14.7,270663028,37.09024,-95.712891
366,5-Minute Crafts DIY,20700000,5091618606,Howto & Style,5-Minute Crafts DIY,5062,United States,US,Howto,1334,103,11,20012000,5000,80000,60000,960600,,2018,Jan,18,88.2,328239523,14.7,270663028,37.09024,-95.712891
367,Zach King,20700000,5410164682,Entertainment,Zach King,6,,,Entertainment,3997461,,4664,125,0.03,0.5,0.38,6,10,2013,Jun,5,,,,,,
368,tuzelity SHUFFLE,20700000,8658941531,People & Blogs,tuzelity SHUFFLE,889,Russia,RU,People,570,3,18,552266000,138100,2200000,1700000,26500000,1600000,2015,Oct,26,81.9,144373535,4.59,107683889,61.52401,105.318756
369,NBA,20700000,12624879732,Sports,NBA,47926,United States,US,Sports,304,103,4,73025000,18300,292100,219100,3500000,,2005,Nov,21,88.2,328239523,14.7,270663028,37.09024,-95.712891
370,Deddy Corbuzier,20600000,4956090094,Entertainment,deddycorbuzier,15,Indonesia,ID,Entertainment,3539124,4044,6217,85,0.02,0.34,0.26,4,1,2007,Jul,23,36.3,270203917,4.69,151509724,-0.789275,113.921327
371,Bizarrap,20600000,7657171980,Comedy,Bizarrap,83,Argentina,AR,Entertainment,711,8,98,193176000,48300,772700,579500,9300000,200000,2017,Jan,15,90,44938712,9.79,41339571,-38.416097,-63.616672
372,Avicii,20600000,10292874715,Music,Avicii,156,Sweden,SE,Music,421,1,92,81236000,20300,324900,243700,3900000,,2009,Oct,28,67,10285453,6.48,9021165,60.128161,18.643501
373,Mnet K-POP,20500000,15038593883,Entertainment,Mnet K-POP,33229,South Korea,KR,Entertainment,220,7,99,158540000,39600,634200,475600,7600000,100000,2006,Mar,9,94.3,51709098,4.15,42106719,35.907757,127.766922
374,LazarBeam,20500000,8768697257,Gaming,LazarBeam,1323,Australia,AU,Games,565,3,25,26082000,6500,104300,78200,1300000,,2015,Jan,4,113.1,25766605,5.27,21844756,-25.274398,133.775136
375,Ninja Kidz TV,20500000,11009148579,Entertainment,Ninja Kidz TV,296,United States,US,Entertainment,377,104,99,195203000,48800,780800,585600,9400000,100000,2017,Feb,9,88.2,328239523,14.7,270663028,37.09024,-95.712891
376,Totoy kids - PortuguпїЅ,20400000,1796227417,Film & Animation,Totoy kids - PortuguпїЅ,206,Brazil,BR,Film,5673,19,24,39495000,9900,158000,118500,1900000,100000,2014,Dec,2,51.3,212559417,12.08,183241641,-14.235004,-51.92528
377,Jake Paul,20400000,7311322368,People & Blogs,Jake Paul,1006,United States,US,People,778,105,19,14646000,3700,58600,43900,703000,100000,2013,Sep,19,88.2,328239523,14.7,270663028,37.09024,-95.712891
378,Linkin Park,20400000,13397000296,Music,linkinpark,0,Afghanistan,AF,Games,4057944,1385,7136,,0,0,0,0,12,2006,Nov,28,9.7,38041754,11.12,9797273,33.93911,67.709953
379,Vijay Television,20400000,29406206620,Entertainment,Vijay Television,51515,India,IN,Entertainment,43,70,100,907534000,226900,3600000,2700000,43600000,400000,2007,Feb,1,28.1,1366417754,5.36,471031528,20.593684,78.96288
380,SlivkiShow,20400000,4707412332,Entertainment,SlivkiShow,462,Ukraine,UA,Entertainment,1489,1,100,28990000,7200,116000,87000,1400000,,2012,Dec,11,82.7,44385155,8.88,30835699,48.379433,31.16558
381,Emiway Bantai,20400000,3579555124,Music,Emiway Bantai,239,India,IN,Music,2236,70,94,41289000,10300,165200,123900,2000000,100000,2013,May,3,28.1,1366417754,5.36,471031528,20.593684,78.96288
382,Got Talent Global,20300000,2441288701,Entertainment,Got Talent Global,1245,United Kingdom,GB,Entertainment,3750,15,101,86457000,21600,345800,259400,4100000,100000,2013,Jan,31,60,66834405,3.85,55908316,55.378051,-3.435973
383,эээээээээээээээ - Genevieve's Playhouse,20300000,11022391339,Education,эээээээээээээээ - Genevieve's Playhouse,107,,,Education,380,,22,71777000,17900,287100,215300,3400000,200000,2018,Jul,22,,,,,,
384,BabyBus - Cerita & Lagu Anak-anak,20300000,11819051552,Education,BabyBus - Cerita & Lagu Anak-anak,875,Indonesia,ID,Education,332,10,22,112768000,28200,451100,338300,5400000,100000,2019,Jan,14,36.3,270203917,4.69,151509724,-0.789275,113.921327
385,Ami Rodriguez,20200000,2951914200,Entertainment,Ami Rodriguez,460,Colombia,CO,Entertainment,2959,7,103,263864000,66000,1100000,791600,12700000,1600000,2009,Jul,20,55.3,50339443,9.71,40827302,4.570868,-74.297333
386,Noor Stars,20200000,2764127969,Comedy,Noor Stars,693,United Arab Emirates,AE,Entertainment,3238,5,102,15556000,3900,62200,46700,746700,100000,2014,Apr,24,36.8,9770529,2.35,8479744,23.424076,53.847818
387,Family GamesTV,20200000,7066711323,Entertainment,FamilyGamesTV,0,,,Games,4057944,,7492,,0,0,0,0,,2012,Dec,29,,,,,,
388,Kiddiestv Hindi - Nursery Rhymes & Kids Songs,20200000,7274150246,Education,Kiddiestv Hindi - Nursery Rhymes & Kids Songs,226,India,IN,Education,780,71,23,113420000,28400,453700,340300,5400000,300000,2017,May,25,28.1,1366417754,5.36,471031528,20.593684,78.96288
389,dednahype,20200000,20919403720,Comedy,dednahype,1935,Latvia,LV,Comedy,108,1,19,1245000000,311200,5000000,3700000,59800000,1200000,2020,Mar,20,88.1,1912789,6.52,1304943,56.879635,24.603189
390,Marta and Rustam,20200000,19694265358,Comedy,Marta and Rustam,761,United States,US,Comedy,126,106,20,452250000,113100,1800000,1400000,21700000,600000,2021,Jun,21,88.2,328239523,14.7,270663028,37.09024,-95.712891
391,MiawAug,20200000,6098644584,Gaming,MiawAug,3713,Indonesia,ID,Games,1023,11,27,64489000,16100,258000,193500,3100000,200000,2014,Mar,15,36.3,270203917,4.69,151509724,-0.789275,113.921327
392,CookieSwirlC,20100000,23353115850,Entertainment,CookieSwirlC,3774,United States,US,Games,86,108,28,221702000,55400,886800,665100,10600000,200000,2013,Nov,3,88.2,328239523,14.7,270663028,37.09024,-95.712891
393,Skrillex,20100000,6618524158,Music,Skrillex,241,United States,US,Music,905,108,95,25263000,6300,101100,75800,1200000,,2010,Apr,6,88.2,328239523,14.7,270663028,37.09024,-95.712891
394,AuthenticGames,20100000,8920141342,Gaming,AuthenticGames,4974,Brazil,BR,Games,549,20,28,5420000,1400,21700,16300,260200,,2011,Oct,7,51.3,212559417,12.08,183241641,-14.235004,-51.92528
395,Robin Hood Gamer,20100000,10366850490,Entertainment,Homem Aranha player,0,,,Games,4057944,,7471,,0,0,0,0,,2013,Mar,16,,,,,,
396,Pencilmation,20100000,11317309935,Film & Animation,Pencilmation,1481,United States,US,Entertainment,366,109,104,14862000,3700,59400,44600,713400,100000,2007,Feb,1,88.2,328239523,14.7,270663028,37.09024,-95.712891
397,7clouds,20100000,14816075927,Music,7clouds,2384,United States,US,Music,227,108,95,276751000,69200,1100000,830300,13300000,300000,2013,May,25,88.2,328239523,14.7,270663028,37.09024,-95.712891
398,5-Minute Crafts PLAY,20100000,6119294270,Howto & Style,5-Minute Crafts PLAY,5491,United States,US,Howto,1014,108,12,105784000,26400,423100,317400,5100000,100000,2017,Oct,30,88.2,328239523,14.7,270663028,37.09024,-95.712891
399,Marvel Entertainment,20100000,5634695322,Entertainment,MarvelEntertainment,1,United States,US,Film,4054962,6143,4024,63,0.02,0.25,0.19,3,30,2011,May,10,88.2,328239523,14.7,270663028,37.09024,-95.712891
400,BuzzFeedVideo,20100000,17913237851,People & Blogs,BuzzFeedVideo,7737,United States,US,People,150,108,20,9112000,2300,36400,27300,437400,,2011,Aug,10,88.2,328239523,14.7,270663028,37.09024,-95.712891
401,REACT,20000000,13154314376,Entertainment,REACT,4339,United States,US,Entertainment,281,109,104,23206000,5800,92800,69600,1100000,,2007,Jun,4,88.2,328239523,14.7,270663028,37.09024,-95.712891
402,Vevo,20000000,559765455,Music,Vevo,1527,United States,US,Music,22747,109,96,1331000,333,5300,4000,63900,,2006,Apr,14,88.2,328239523,14.7,270663028,37.09024,-95.712891
403,Gordon Ramsay,20000000,3875172235,Entertainment,Gordon Ramsay,1527,United Kingdom,GB,Entertainment,2001,16,104,39228000,9800,156900,117700,1900000,200000,2006,Apr,29,60,66834405,3.85,55908316,55.378051,-3.435973
404,Pentatonix,20000000,6033295543,Music,pentatonix,1,Canada,CA,Entertainment,4051673,4072,6742,,0,0,0,0,,2006,Mar,9,68.9,36991981,5.56,30628482,56.130366,-106.346771
405,Green Gold TV - Official Channel,20000000,9715291883,Film & Animation,Green Gold TV - Official Channel,1476,India,IN,Entertainment,473,72,104,70278000,0,0,0,0,100000,2011,Jul,1,28.1,1366417754,5.36,471031528,20.593684,78.96288
406,Gusttavo Lima Oficial,19900000,13917423958,Music,Gusttavo Lima Oficial,416,Brazil,BR,Music,258,21,97,214803000,53700,859200,644400,10300000,100000,2010,Nov,9,51.3,212559417,12.08,183241641,-14.235004,-51.92528
407,HaerteTest,19800000,3234880084,Science & Technology,HaerteTest,1411,Germany,DE,Tech,2583,3,6,5650000,1400,22600,17000,271200,,2011,Sep,6,70.2,83132799,3.04,64324835,51.165691,10.451526
408,Crafty Panda,19800000,5759442450,People & Blogs,Crafty Panda,760,United States,US,Entertainment,1120,111,105,6137000,1500,24500,18400,294600,100000,2017,Dec,3,88.2,328239523,14.7,270663028,37.09024,-95.712891
409,SOMOY TV,19800000,12293479945,News & Politics,TIME NEWS,9930,United States,US,News,1291541,2251,1555,16229,4,65,49,779,,2013,Nov,16,88.2,328239523,14.7,270663028,37.09024,-95.712891
410,JennaMarbles,19700000,1803249241,Comedy,JennaMarbles,250,United States,US,Comedy,5665,112,21,3769000,942,15100,11300,180900,,2010,Feb,16,88.2,328239523,14.7,270663028,37.09024,-95.712891
411,Troom Troom Es,19700000,7452667615,People & Blogs,Troom Troom Es,2912,,,Howto,747,,13,29387000,7300,117500,88200,1400000,100000,2016,Feb,5,,,,,,
412,Official Pink Panther,19700000,10955619815,Film & Animation,OfficialPinkPanther,1,United States,US,Games,4052414,7741,7494,,0,0,0,0,,2011,Oct,6,88.2,328239523,14.7,270663028,37.09024,-95.712891
413,Britain's Got Talent,19700000,11323617496,Entertainment,Britain's Got Talent,4225,United Kingdom,GB,Entertainment,364,17,106,54192000,13500,216800,162600,2600000,100000,2008,Apr,12,60,66834405,3.85,55908316,55.378051,-3.435973
414,SCTV,19700000,9808676159,Entertainment,SCTV,267,United Kingdom,GB,Music,2831648,3695,4668,336,0.08,1,1,16,,2006,Mar,25,60,66834405,3.85,55908316,55.378051,-3.435973
415,AS Gaming,19600000,2851024430,Gaming,ASGaming,17,United States,US,Games,3857915,7711,7464,23,0.01,0.09,0.07,1,,2009,Mar,5,88.2,328239523,14.7,270663028,37.09024,-95.712891
416,Sony AATH,19600000,13930021471,Shows,Sony AATH,18661,United States,US,Entertainment,257,112,106,274212000,68600,1100000,822600,13200000,300000,2013,Nov,13,88.2,328239523,14.7,270663028,37.09024,-95.712891
417,tabii Urdu,19600000,8779729549,Entertainment,tabii Urdu,1306,Turkey,TR,Entertainment,562,3,107,110806000,27700,443200,332400,5300000,100000,2020,Apr,17,23.9,83429615,13.49,63097818,38.963745,35.243322
418,DaFuq!?Boom!,19600000,7906181776,Film & Animation,DaFuq!?Boom!,214,United States,US,Entertainment,656,112,106,2304000000,576000,9200000,6900000,110600000,6700000,2016,Jun,6,88.2,328239523,14.7,270663028,37.09024,-95.712891
419,Clash of Clans,19600000,3961318438,Gaming,Clash of Clans,674,United States,US,Games,1934,113,30,22292000,5600,89200,66900,1100000,,2013,Jan,31,88.2,328239523,14.7,270663028,37.09024,-95.712891
420,RKD Studios,19500000,5234251168,Entertainment,RKD Studios,847,India,IN,Entertainment,1265,74,108,59841000,0,0,0,0,300000,2014,Mar,14,28.1,1366417754,5.36,471031528,20.593684,78.96288
421,DLS News,19400000,2255542592,News & Politics,DLS News,4750,India,IN,News,4178,74,8,32111000,8000,128400,96300,1500000,100000,2017,Jul,5,28.1,1366417754,5.36,471031528,20.593684,78.96288
422,JukiLop,19400000,1577859332,People & Blogs,JukiLop,85,Mexico,MX,People,6674,14,22,2382000,595,9500,7100,114300,100000,2017,Sep,15,40.2,126014024,3.42,102626859,23.634501,-102.552784
423,etvteluguindia,19400000,23038014291,Entertainment,etvteluguindia,125974,India,IN,Entertainment,88,75,109,272917000,68200,1100000,818800,13100000,200000,2010,Mar,15,28.1,1366417754,5.36,471031528,20.593684,78.96288
424,FIFA,19400000,5529131886,Sports,FIFA,10728,Switzerland,CH,Sports,1186,1,5,58863000,14700,235500,176600,2800000,100000,2006,Sep,6,59.6,8574832,4.58,6332428,46.818188,8.227512
425,Manoj  parihar,19300000,264228052,,Manoj  parihar,335,India,IN,Howto,48846,75,14,37167000,9300,148700,111500,1800000,300000,2021,Mar,2,28.1,1366417754,5.36,471031528,20.593684,78.96288
426,Vsauce,19300000,2897907132,Science & Technology,Vsauce,462,,,Entertainment,3024,,110,69614000,17400,278500,208800,3300000,100000,2007,Jul,30,,,,,,
427,Unbox Therapy,19300000,4508184467,Science & Technology,Unbox Therapy,2175,,,Tech,1596,,7,16718000,4200,66900,50200,802500,1100000,2010,Dec,21,,,,,,
428,shane,19200000,4329121104,People & Blogs,shane,570,United States,US,Comedy,1705,114,22,2730000,683,10900,8200,131100,,2005,Sep,22,88.2,328239523,14.7,270663028,37.09024,-95.712891
429,Sonotek,19200000,7590582024,Entertainment,Sonotek,8285,India,IN,Music,724,77,98,28678000,7200,114700,86000,1400000,100000,2011,Jan,11,28.1,1366417754,5.36,471031528,20.593684,78.96288
430,Jimmy Kimmel Live,19100000,13124645973,Entertainment,Jimmy Kimmel Live,6526,United States,US,Comedy,283,115,23,17243000,4300,69000,51700,827600,,2006,Sep,20,88.2,328239523,14.7,270663028,37.09024,-95.712891
431,TheOdd1sOut,19100000,4566120190,Comedy,TheOdd1sOut,139,United States,US,Comedy,1568,115,23,30986000,7700,123900,93000,1500000,,2014,Aug,30,88.2,328239523,14.7,270663028,37.09024,-95.712891
432,Goldmines Great Indian Comedy,19100000,5194942269,Film & Animation,Goldmines Great Indian Comedy,2948,,,Film,1279,,26,65920000,16500,263700,197800,3200000,200000,2016,Aug,29,,,,,,
433,Lil Nas X,19100000,6339584661,Music,Lil Nas X,37,,,Music,966,,99,46192000,11500,184800,138600,2200000,,2018,May,19,,,,,,
434,ээээээээээээээ ээээ,19000000,4924054368,Education,ээээээээээээээ ээээ,60,United States,US,Entertainment,1399,116,111,21587000,5400,86300,64800,1000000,100000,2018,Feb,20,88.2,328239523,14.7,270663028,37.09024,-95.712891
435,SUPER SLICK SLIME SAM,19000000,7229175322,Howto & Style,SUPER SLICK SLIME SAM,903,Mexico,MX,Howto,786,15,111,123338000,30800,493400,370000,5900000,200000,2018,Jan,23,40.2,126014024,3.42,102626859,23.634501,-102.552784
436,Wow Kidz Action,19000000,8281724393,Film & Animation,Wow Kidz Action,1525,India,IN,Entertainment,618,78,111,105706000,26400,422800,317100,5100000,200000,2017,Nov,8,28.1,1366417754,5.36,471031528,20.593684,78.96288
437,Turma da MпїЅпїЅ,19000000,13824277846,Film & Animation,Turma da MпїЅпїЅ,1154,Brazil,BR,Film,260,22,27,76903000,19200,307600,230700,3700000,100000,2012,Jul,30,51.3,212559417,12.08,183241641,-14.235004,-51.92528
438,Calvin Harris,19000000,16014044618,Music,Calvin Harris,79,United Kingdom,GB,Music,191,18,99,102410000,25600,409600,307200,4900000,100000,2007,Feb,11,60,66834405,3.85,55908316,55.378051,-3.435973
439,KBS WORLD TV,19000000,15126092508,Entertainment,KBS WORLD TV,64496,South Korea,KR,Entertainment,217,8,111,107989000,27000,432000,324000,5200000,,2007,Jan,6,94.3,51709098,4.15,42106719,35.907757,127.766922
440,HiMan,18900000,2855519150,People & Blogs,HiMan,375,Russia,RU,Entertainment,3094,4,112,24563000,6100,98300,73700,1200000,,2014,Oct,16,81.9,144373535,4.59,107683889,61.52401,105.318756
441,Masha e o Urso,18900000,8301731337,Shows,Masha e o Urso,0,,,,4057944,,,,0,0,0,0,2,2014,Feb,20,,,,,,
442,Little Angel EspaпїЅпїЅпїЅпїЅпїЅпїЅпїЅпїЅпїЅ,18900000,9813245108,Education,Little Angel EspaпїЅпїЅпїЅпїЅпїЅпїЅпїЅпїЅпїЅ,719,Mexico,MX,Education,459,16,24,140398000,35100,561600,421200,6700000,,2018,Jan,26,40.2,126014024,3.42,102626859,23.634501,-102.552784
443,TED-Ed,18800000,3654621568,Education,TED-Ed,2072,United States,US,Education,2163,117,25,29874000,7500,119500,89600,1400000,100000,2011,Mar,1,88.2,328239523,14.7,270663028,37.09024,-95.712891
444,Sidemen,18800000,5257834105,Entertainment,Sidemen,312,United Kingdom,GB,Entertainment,1263,19,113,78158000,19500,312600,234500,3800000,100000,2015,Jun,14,60,66834405,3.85,55908316,55.378051,-3.435973
445,Cardi B,18800000,7634430188,People & Blogs,Cardi B,9,,,,4054469,,,7,0,0.03,0.02,0.34,,2017,Aug,15,,,,,,
446,Busy Fun Ltd,18800000,7762077012,,TG MAYANK YT,2,,,,4057882,,,,0,0,0,0,,2021,Dec,21,,,,,,
447,Farruko,18800000,9573641299,Music,Farruko,217,United States,US,Music,485,117,100,97758000,24400,391000,293300,4700000,100000,2009,Oct,30,88.2,328239523,14.7,270663028,37.09024,-95.712891
448,ээээээээээээээээээээээ,18800000,9594188708,Entertainment,ээээээээээээээээээээээ,530,Ukraine,UA,Entertainment,483,2,113,68006000,17000,272000,204000,3300000,100000,2014,Oct,20,82.7,44385155,8.88,30835699,48.379433,31.16558
449,Triggered Insaan,18800000,3276891538,Comedy,Triggered Insaan,304,India,IN,People,2508,79,24,109026000,27300,436100,327100,5200000,700000,2014,Jul,17,28.1,1366417754,5.36,471031528,20.593684,78.96288
450,CKN,18700000,12295637162,Entertainment,cKn,16,Spain,ES,Music,3188353,4093,5631,102,0.03,0.41,0.31,5,1,2005,Sep,26,88.9,47076781,13.96,37927409,40.463667,-3.74922
451,Ali-A,18700000,6148303268,Gaming,ali-a,2,,,People,4053443,,7729,1,0,0,0,0.05,,2016,Jul,7,,,,,,
452,Shemaroo Comedy,18600000,6047584292,Entertainment,Shemaroo Comedy,4487,India,IN,Comedy,1033,81,24,102431000,25600,409700,307300,4900000,200000,2007,Jan,31,28.1,1366417754,5.36,471031528,20.593684,78.96288
453,Smile Family Spanish,18600000,7008250496,,Smile Family Spanish,457,United States,US,Entertainment,830,118,115,43396000,10800,173600,130200,2100000,200000,2019,Jun,19,88.2,328239523,14.7,270663028,37.09024,-95.712891
454,GRAMMY GOLD OFFICIAL,18600000,20196704276,Music,GRAMMY GOLD OFFICIAL,6287,Thailand,TH,Music,121,5,101,168597000,42100,674400,505800,8100000,100000,2014,Jan,15,49.3,69625582,0.75,35294600,15.870032,100.992541
455,ээээээээ ээээээээээ ээээээээээ | Arab Games Network,18600000,8761255550,Gaming,ээээээээ ээээээээээ ээээээээээ | Arab Games эээ,6289,Saudi Arabia,SA,Games,566,3,31,43007000,10800,172000,129000,2100000,500000,2013,Nov,29,68,34268528,5.93,28807838,23.885942,45.079162
456,Dan-Sa / Daniel Saboya,18500000,2908120896,Music,Dan-Sa / Daniel Saboya,1329,Brazil,BR,Music,45213,24,102,6148000000,0,0,0,0,100000,2007,Sep,22,51.3,212559417,12.08,183241641,-14.235004,-51.92528
457,Marmok,18500000,3457618361,Gaming,Marmok,374,Russia,RU,Games,2356,5,32,38282000,9600,153100,114800,1800000,100000,2008,Apr,27,81.9,144373535,4.59,107683889,61.52401,105.318756
458,The ACE Family,18500000,4558380251,People & Blogs,The ACE Family,712,,,People,1572,,25,2835000,709,11300,8500,136100,,2016,Jan,10,,,,,,
459,Like Nastya Vlog,18500000,8147575884,People & Blogs,Like Nastya Vlog,493,Russia,RU,People,630,5,25,48947000,12200,195800,146800,2300000,100000,2016,Jan,14,81.9,144373535,4.59,107683889,61.52401,105.318756
460,Willie Salim,18500000,4051072188,People & Blogs,Willie Salim,679,Indonesia,ID,People,1868,13,25,197369000,49300,789500,592100,9500000,1600000,2014,Jan,6,36.3,270203917,4.69,151509724,-0.789275,113.921327
461,PDK Films,18400000,4120324310,Entertainment,PDK Films,111,United States,US,Entertainment,1825,120,116,14430000,3600,57700,43300,692600,,2009,Jul,21,88.2,328239523,14.7,270663028,37.09024,-95.712891
462,TheWillyrex,18400000,7038827526,Comedy,TheWillyrex,6943,Spain,ES,Games,825,7,33,11004000,2800,44000,33000,528200,,2011,Jan,26,88.9,47076781,13.96,37927409,40.463667,-3.74922
463,RsiamMusic : пїЅпїЅпїЅпїЅпїЅпїЅпїЅпїЅ,18400000,11544297793,Music,RsiamMusic : пїЅпїЅпїЅпїЅпїЅпїЅпїЅпїЅ,3159,Thailand,TH,Music,346,6,103,54133000,13500,216500,162400,2600000,100000,2011,Mar,8,49.3,69625582,0.75,35294600,15.870032,100.992541
464,Dhar Mann,18400000,11280732382,People & Blogs,Alejandro Basalo,0,,,,4057944,,,,0,0,0,0,2,2007,Apr,25,,,,,,
465,shakiraVEVO,18400000,25367126292,Music,shakiraVEVO,197,United States,US,Music,72,120,103,267126000,66800,1100000,801400,12800000,,2009,Sep,2,88.2,328239523,14.7,270663028,37.09024,-95.712891
466,Naisa Alifia Yuriza (N.A.Y),18300000,1606834186,People & Blogs,Naisa Alifia Yuriza (N.A.Y),786,Indonesia,ID,Entertainment,6502,14,117,17063000,4300,68300,51200,819000,,2017,Jul,8,36.3,270203917,4.69,151509724,-0.789275,113.921327
467,Miley Cyrus,18300000,7760819588,Entertainment,Miley Cyrus,142,United States,US,Entertainment,696,121,117,127982000,32000,511900,383900,6100000,100000,2009,Sep,15,88.2,328239523,14.7,270663028,37.09024,-95.712891
468,IShowSpeed,18300000,1556003039,Gaming,IShowSpeed,1324,United States,US,Games,6734,120,33,140261000,35100,561000,420800,6700000,800000,2016,Mar,21,88.2,328239523,14.7,270663028,37.09024,-95.712891
469,Good Mythical Morning,18300000,8798044678,Entertainment,Goodmythicalmorning,0,,,,3612215,3305,,,0,0,0,0,,,,,,,,,,
470,Bobby chourasiya,18200000,9937823152,People & Blogs,Bobby chourasiya,442,,,People,452,,27,467848000,117000,1900000,1400000,22500000,1000000,2019,Jan,25,,,,,,
471,INCRпїЅпї,18200000,3213324455,People & Blogs,INCRпїЅпї,6903,Brazil,BR,Howto,2610,25,15,18045000,4500,72200,54100,866200,,2017,Jun,20,51.3,212559417,12.08,183241641,-14.235004,-51.92528
472,Jake Fellman,18100000,13378360425,Entertainment,Jake Fellman,420,United States,US,Entertainment,274,122,118,497044000,124300,2000000,1500000,23900000,700000,2012,Oct,13,88.2,328239523,14.7,270663028,37.09024,-95.712891
473,GEN HALILINTAR,18100000,3306242674,Entertainment,GEN HALILINTAR,1037,Indonesia,ID,Entertainment,2498,15,119,27312000,6800,109200,81900,1300000,,2015,Mar,4,36.3,270203917,4.69,151509724,-0.789275,113.921327
474,SQUEEZIE,18100000,9983065083,Gaming,SQUEEZIE,1521,France,FR,Entertainment,443,1,119,48099000,12000,192400,144300,2300000,100000,2011,Jan,9,65.6,67059887,8.43,54123364,46.227638,2.213749
475,Blippi - Educational Videos for Kids,18100000,14857290259,Education,Blippi - Educational Videos for Kids,707,United States,US,Education,224,123,26,180412000,45100,721600,541200,8700000,300000,2014,Jan,27,88.2,328239523,14.7,270663028,37.09024,-95.712891
476,officialpsy,18100000,10703830496,Music,officialpsy,131,South Korea,KR,Music,393,10,104,64989000,16200,260000,195000,3100000,,2010,Oct,4,94.3,51709098,4.15,42106719,35.907757,127.766922
477,Ajay Sharma,18100000,12249828886,Entertainment,Ajay Sharma,0,,,,4057944,,,,0,0,0,0,1,2009,Oct,24,,,,,,
478,Manual do Mundo,18000000,3980991248,Howto & Style,Manual do Mundo,2470,Brazil,BR,Tech,1922,26,8,54766000,13700,219100,164300,2600000,100000,2006,Jul,24,51.3,212559417,12.08,183241641,-14.235004,-51.92528
479,How Ridiculous,18000000,9601137077,Sports,How Ridiculous,650,Australia,AU,Sports,478,5,6,391298000,97800,1600000,1200000,18800000,600000,2009,Sep,9,113.1,25766605,5.27,21844756,-25.274398,133.775136
480,And TV,18000000,15412333005,Entertainment,ANDtv,45,United States,US,Entertainment,4012108,7627,6667,4,0,0.02,0.01,0.19,,2006,Aug,4,88.2,328239523,14.7,270663028,37.09024,-95.712891
481,SebastiпїЅпїЅпїЅ,18000000,10463166404,News & Politics,SebastiпїЅпїЅпїЅ,237,United States,US,Music,406,124,105,110776000,27700,443100,332300,5300000,,2013,Mar,30,88.2,328239523,14.7,270663028,37.09024,-95.712891
482,SonyMusicSouthVEVO,18000000,17921124985,Music,SonyMusicSouthVEVO,5692,United States,US,Music,148,123,104,257597000,64400,1000000,772800,12400000,100000,2014,Jul,14,88.2,328239523,14.7,270663028,37.09024,-95.712891
483,TheGrefg,18000000,6404852037,Gaming,TheGrefg,3566,Spain,ES,Games,950,8,34,43830000,11000,175300,131500,2100000,,2012,Jan,30,88.9,47076781,13.96,37927409,40.463667,-3.74922
484,BeatboxJCOP,18000000,8716982055,Film & Animation,BeatboxJCOP,748,,,Entertainment,539,,115,1375000000,343800,5500000,4100000,66000000,3400000,2011,Mar,12,,,,,,
485,David Dobrik,17900000,7176572299,People & Blogs,David Dobrik,536,United States,US,People,801,125,28,8650000,2200,34600,26000,415200,100000,2014,Dec,19,88.2,328239523,14.7,270663028,37.09024,-95.712891
486,KatieAngel,17900000,3841205465,People & Blogs,KatieAngel,982,United States,US,Music,2014,125,106,51687000,12900,206700,155100,2500000,100000,2015,May,19,88.2,328239523,14.7,270663028,37.09024,-95.712891
487,RobleisIUTU,17900000,5168721499,Entertainment,RobleisIUTU,1344,Argentina,AR,Games,1294,9,35,27545000,6900,110200,82600,1300000,100000,2013,Apr,15,90,44938712,9.79,41339571,-38.416097,-63.616672
488,Lele Pons,17900000,5244917119,Comedy,Lele Pons,185,United States,US,Entertainment,1264,125,121,18548000,4600,74200,55600,890300,,2015,Sep,19,88.2,328239523,14.7,270663028,37.09024,-95.712891
489,Demi Lovato,17900000,6888074944,Music,Demi Lovato,314,United States,US,Music,858,125,106,29182000,7300,116700,87500,1400000,,2008,Jan,30,88.2,328239523,14.7,270663028,37.09024,-95.712891
490,Like Nastya VNM,17900000,9867515979,Entertainment,Like Nastya VNM,602,Vietnam,VN,Entertainment,455,1,121,84467000,21100,337900,253400,4100000,100000,2019,Nov,22,28.5,96462106,2.01,35332140,14.058324,108.277199
491,Jason Derulo,17900000,9887116267,Music,Jason Derulo,830,United States,US,Music,446,124,105,447891000,112000,1800000,1300000,21500000,400000,2008,Jul,21,88.2,328239523,14.7,270663028,37.09024,-95.712891
492,MGC Playhouse,17900000,16174530046,Shows,MGC Playhouse,1426,United States,US,Education,187,125,27,102621000,25700,410500,307900,4900000,100000,2009,Feb,3,88.2,328239523,14.7,270663028,37.09024,-95.712891
493,Zuni and Family,17900000,6746269458,People & Blogs,zuni and family,2,,,People,4057766,,7733,4,0,0.02,0.01,0.19,,2020,Jul,15,,,,,,
494,Priyal Kukreja,17800000,11057945183,People & Blogs,Priyal Kukreja,772,India,IN,People,378,83,29,431390000,107800,1700000,1300000,20700000,900000,2021,Apr,23,28.1,1366417754,5.36,471031528,20.593684,78.96288
495,MSA previously My Story Animated,17800000,8588704539,Film & Animation,MSA Previously My Story Animated,26,United States,US,People,3976090,5208,4978,20708,5,83,62,994,2960,2021,Nov,9,88.2,328239523,14.7,270663028,37.09024,-95.712891
496,эээээээээ KIMPRO,17700000,19206701832,,эээээээээ KIMPRO,1646,South Korea,KR,People,125,9,26,3404000000,850900,13600000,10200000,163400000,3200000,2017,Nov,11,94.3,51709098,4.15,42106719,35.907757,127.766922
497,Jane ASMR пїЅпїЅ,17700000,7387621644,,Jane ASMR пїЅпїЅ,1888,South Korea,KR,People,762,11,30,102803000,0,0,0,0,,2012,Nov,17,94.3,51709098,4.15,42106719,35.907757,127.766922
